10.1428889999993,5.8867640000035,9.14247800000385,6.28278099999261,66.7095039997657,
4.89964400000736,1.40296000000853,10.9791430000023,2.05563700000175,51.0733029998046,
10.4136290000001,5.62547799999993,5.6922299999942,5.04497899999615,47.1079650001702,
0.252049999995506,10.5962240000013,5.67245100000309,7.9671989999988,55.1670950008338,
10.7929129999975,6.19835700000158,3.11215400000083,3.62043600000516,58.1939580004546,
6.29195300000583,6.04006500000332,5.59695199999715,1.98124100000678,73.3824669996793,
9.73084300000255,8.35981400000446,4.92342299999109,9.36131500000556,42.1780979996474,
9.26997800000208,-1.89159700000619,6.69334400000253,7.219692999995,60.1289710001329,
7.3017090000003,-0.36222600000383,3.24147500000618,2.30061700000488,66.0138870002047,
6.93556899999885,6.74393899999495,1.30309200000283,7.55027400000108,48.6639729997114,
3.36845100000073,2.77311199999349,6.52783900000077,5.1936470000087,62.721360999687,
4.85107199999493,0.261498999995638,7.90322999999398,2.98876999999993,53.3409970001849,
5.61666699999887,1.59865599999966,7.99620599999707,8.62913400000525,58.2329210003481,
5.77891200000158,3.51935000000321,9.23058599999331,5.61215199999697,43.3881180002754,
1.22219900000664,2.70518800000309,9.4158759999932,1.22219900000664,64.8401749993427,
6.67729400000462,11.3184520000032,9.07354099999748,5.84243500000957,46.5156889997234,
6.10949799999389,2.46670900000436,1.84192899999562,4.17307299999356,39.1095769998028,
3.22019200000022,5.95651099998986,3.48585300000514,4.83906600000319,69.1797709996499,
2.47391799999923,5.75427199999467,0.660231000000749,2.21941299999389,52.4442910004618,
2.71854500000472,3.82844199999226,0.120491999999103,0.518459999992501,36.8456160000496,
3.908535999999,2.98447200000282,3.908535999999,5.401217000001,89.4446640004498,
5.42358500000046,3.29492200000323,7.44282400000202,3.26365600000463,58.9954769999495,
3.27604999999494,2.38868899999898,2.76058999999987,5.40210699999307,61.5697700002056,
6.71009000000322,-2.39134700000159,4.44087000000081,4.75648200000342,48.430180000465,
2.51554100000658,7.70793799999819,0.883066000001236,3.47969099999727,33.9209409999094,
7.06289600000264,5.48308299999644,0.827701000000616,3.75390099999777,65.9423229998938,
1.22247399999469,2.46643600000107,8.06410400000459,6.82170300000462,64.9240140002075,
12.0591730000028,0.218111000005138,9.00314599999865,0.694523000001936,69.8441170004771,
3.27399999999989,7.50716199999988,-2.17669999999771,9.20629099999451,58.4521100002275,
-0.18303900000592,4.60188399999879,10.5475669999887,4.95261000000073,48.2744059996076,
8.61173500000314,3.35610399999177,10.0122279999941,5.20783900000697,49.3048690001888,
5.77345399999513,5.55579199999693,5.38017400000444,3.81140899999355,59.680885000027,
6.1107170000023,5.24293899999793,5.24293899999793,2.88660299999992,83.0382139995963,
8.46459300000197,-0.604669999994258,0.0726350000031744,11.6821390000014,42.4401990001716,
1.17430399999512,6.87836899999502,-2.24999199999775,6.38384900000301,51.5056490000898,
6.09867300000315,2.29959100000042,2.47976900000185,4.36500500000329,50.5251920001247,
7.56890600000315,2.78288399999337,5.82058499999494,4.22569900000826,52.7042840000104,
6.16743200000337,4.68076800000154,6.02431200000046,8.5454950000053,55.2880150006204,
1.12929799999392,0.124078000007103,4.88915700000553,2.45235200000297,58.7701479997922,
8.40113799999745,1.3169060000082,10.204805000003,6.12958999999773,68.7444399998531,
6.46325200000229,5.07319499999585,1.19537299999683,5.85930899999676,28.942253999845,
5.01022799999828,2.94072599999663,3.52534000000242,1.75022100000388,54.1899169999706,
4.83710200000542,2.86901800000032,1.10584300000073,8.49891699999171,60.4527310003068,
4.44293700000435,-2.37458599999627,15.892556999996,4.74079799999799,63.1497590004219,
3.11088900000232,12.4421749999942,3.11088900000232,7.64554299999782,50.5981649999885,
4.08026499999596,3.77897300000723,9.41607500000691,4.95453799999905,51.273864999217,
5.55775800000083,5.13138900000467,2.01499599999715,2.37946000000329,56.4355980001492,
3.4846600000028,6.3965879999987,0.790424999991046,10.8798029999948,81.6931769999464,
3.12333399999989,7.53655400000434,7.98204000000442,1.84364300000607,34.308674000571,
0.0364130000043588,1.72275800000307,0.587312999994083,6.42138699999487,62.6609009993881,
3.70520699999861,8.9601109999935,3.65208599999505,3.50983700000143,59.3553110002467,
1.88179699999819,3.76596300000165,10.6621010000017,1.34964800000307,50.9452670000464,
5.26258400000188,7.25881599999911,6.63746500000252,8.71743299999798,49.3668829995731,
-2.84777400000667,4.3322680000083,-1.77545499999769,4.09007799999563,63.9348639995114,
1.68879100000595,5.53569999999718,2.7907210000094,0.91312299999845,66.2547629993896,
5.18292599999722,-0.255399999995916,1.75968000000694,1.28828000000476,45.0149199993793,
3.58046799999329,1.2187529999992,8.29706799999485,8.29706799999485,49.3193269998301,
4.3363250000034,4.81249799999387,4.33716199999208,4.11402899999848,52.7408759997561,
4.65679499999851,2.22793799999272,3.06658699999889,12.5167059999981,75.0966639998114,
0.987216000000444,2.86417800000481,6.11692900000344,5.19149000000198,54.9948010000771,
10.9326230000006,8.98003500000141,7.3096750000027,3.11856899999293,62.3874409999262,
8.16953599999715,6.46045199999571,10.2105330000018,3.84773599999835,65.4920210000855,
-2.67317799999591,5.47748199999614,9.92041699999436,3.73104400000011,46.3977290006296,
9.18833499999027,11.7563690000015,4.10119600000098,11.8577040000023,50.3189130002138,
8.29179899999554,5.16528000000108,2.4259030000012,8.0811619999954,52.4839070000817,
7.98032800000146,-1.38571700000603,3.22779700000001,5.37428699999737,29.8563689999937,
11.2743389999978,4.5095569999994,6.91934300000867,0.3408859999995,53.4367879992496,
7.46514000000889,6.9218269999983,2.96113999999125,1.24667900000168,44.363775000762,
7.35539499999459,6.23963999999432,5.57681899999307,6.63493500000413,54.5860239997164,
0.746101000002,2.76134600000478,10.1193890000004,3.53776499999321,58.5423339999579,
6.25982400000294,4.52472999999964,5.70616800000334,4.00152799999978,44.3661320002175,
5.20559300000059,0.0451060000018515,-0.350508000007267,7.80672100000356,58.2919090002688,
5.9082759999992,4.25321000000304,9.64451399999643,3.55928499999436,50.7071030001025,
6.64134399999921,4.80810100000281,6.29396499999393,8.098908999998,69.0577909998501,
6.31967400000258,9.22687099999985,3.84021900000334,11.9918909999983,80.8520129996105,
6.60804799999505,2.94577599999275,4.51293699999678,4.07304200000681,41.6723770007084,
5.5669310000012,1.45113600000877,5.95082099999627,2.27491399999826,45.4661819996145,
4.96841700000368,6.43551899999875,6.05751300000384,11.6194090000035,48.259760000441,
1.39050999999927,3.38058299999784,5.14924699999483,7.38035199999422,49.0830169999826,
9.94388299999537,8.27657699999372,6.65064100000063,6.74886499999957,71.8606129990003,
12.0180539999924,11.327787000002,4.32912800000304,2.62939699999833,55.3116119996776,
2.80714700000635,2.96030300000166,6.0535709999981,9.52573600000369,73.2877790001876,
7.37023199999521,7.54048499999908,4.22690299999113,10.9437959999959,50.7860909995179,
9.06512199999906,6.71022899999616,4.86223299999483,1.4968719999988,83.9508439997917,
8.64633599999706,3.25109799999382,5.6423909999985,9.32181500000388,55.1550809997898,
4.09972999999809,-0.994443999998566,4.06517099999792,7.50622200000407,54.7582350004304,
4.4498890000018,3.24469100000215,1.31182100000115,7.075215999997,50.1913959994563,
9.64568099999588,3.94748200000186,6.66392700000597,2.95436500000096,55.1501420000241,
7.12645300000258,11.0214120000019,6.58639800000128,5.53499699999747,38.8474660006832,
6.98707499999682,0.578131999993275,4.54599699999744,5.63210399999662,46.6112270001104,
1.08859200000006,7.43643100000145,1.05449300000419,8.42779699999437,48.732259999575,
7.00898000000734,1.79289599999447,9.71439300000384,1.57680400000072,63.4103720003586,
7.93846400000575,2.555955000008,1.98853999999938,1.65739899999699,49.0500740003226,
3.022090999998,2.06735400000616,6.91164499999468,5.74721299999237,41.6013589997965,
7.38056999999708,2.85040599999456,4.49778400000378,12.3773690000021,59.5773960005972,
1.1033359999974,14.5226229999935,10.6156360000045,11.9605610000081,60.3652760014193,
6.23298600000362,12.041596000005,11.2083179999981,9.14983299999267,49.6278440000315,
12.3233890000006,-1.72766100000172,2.82855900000277,3.91891200000646,57.824927999598,
6.90281999999843,15.4664819999998,4.70058100000597,9.65683099999524,51.2486239993486,
12.7186979999997,2.53682700000945,5.9222429999968,11.5805900000005,57.1273370003546,
4.13303699999369,9.00788200000079,4.70880199999692,7.11784500000022,58.481347000692,
3.4293230000012,6.06466300000056,5.50080899999421,8.83197099999688,66.2240170002151,
5.47895100000233,9.81903599999669,2.84154200000057,5.74803300000758,27.5435529996976,
-0.958443000002262,5.37637100000074,6.73586399999203,3.11321199999838,56.9991519999639,
2.16504100000111,5.53664700000263,7.94952500000045,5.1064279999996,30.5782240000262,
7.99583599999869,9.88974800000278,11.1332480000033,7.27027600000656,51.9141489993017,
6.25959899999907,6.47473200000013,3.92575500000021,4.19691200000534,45.3804769997587,
3.22477400000298,0.211988000005476,5.77828700000009,5.24023300000545,55.4041150001904,
9.44472200000428,7.99871800000028,5.92623700000559,2.7790800000048,46.8710219995883,
3.04105499999514,3.94405100000631,5.53829000000587,6.48782100000881,44.5805320000072,
14.1452099999929,6.68349800000169,7.20127499999899,5.93426700000146,82.5280679996649,
2.74177399999826,4.91782799999964,11.8563619999991,3.16764899999907,49.2400060002692,
4.16415899999811,7.70914900000025,10.6416660000018,6.89292100000375,48.2521960000631,
7.36233899999797,6.73382299999912,2.22303699999657,7.36233899999797,43.0382209990603,
2.91664999999921,6.21228000000201,7.61137000000008,7.34278199999699,37.9325640008137,
2.65421899999956,0.148421999999755,6.34249799999634,5.23658200000273,40.4571610005842,
-1.30036199999631,13.0992190000006,11.3520860000026,5.73270200000024,40.1415760002419,
3.07431500000257,-1.39777099999765,6.2148420000035,2.83729499999845,65.4695469997932,
3.9870599999972,0.626373000002332,7.23843999999508,-0.822278999995888,65.9268769994924,
5.32426600000872,2.6029870000043,8.71327000000156,3.98262699999123,66.4958860001861,
9.42964499999835,4.50089599999728,3.19049500000165,6.95655599999372,47.2987210004721,
10.9332359999967,4.98458099999652,1.40362499999674,0.700535000003583,64.5166780003383,
8.15187100000458,3.17482499999915,6.7950740000033,3.91909399999759,62.8094590002838,
1.30850499999951,3.70109900000307,0.751933000000918,1.89532200000349,44.1633929994787,
1.68120900000167,12.1659720000043,5.13978399999996,7.41498899999669,55.9727749993435,
5.34218100000044,5.68785200000139,6.71885700000666,3.75575199999957,44.439025000047,
8.96933300000683,3.51320500000838,17.9962219999989,2.3447700000047,67.6867770000936,
10.1176600000072,4.37078500000507,6.65718799999377,2.94558199999483,35.910033999502,
-0.935492000002796,1.73435299999801,3.11344300000519,3.34516099999701,50.7159420003991,
4.80335200000172,3.00331999999617,3.09923199999594,0.0519730000028176,52.2835050001231,
8.73781399999825,5.89869200000703,4.52690500000062,1.63909299999568,36.4763860000749,
5.60076800000343,11.9383099999982,6.14864200000648,-1.00565399999505,55.8335699996569,
2.48458699999628,9.70841999999902,2.84963499999594,3.88474500000666,26.1363000000347,
13.4104640000023,5.75941600000806,5.71345799999608,4.61348200000293,57.8841270001612,
4.83815599999616,6.72390199999245,8.59022400000595,6.35836899999458,50.7625949999747,
5.74695600000132,-1.07887499999879,14.4267589999909,12.2063699999994,54.8709040004469,
-0.273671000009017,8.44835999999304,0.754404000001159,0.754404000001159,56.0491299995119,
6.27774399999998,6.03675199999407,11.2050620000009,12.038089000001,69.7901909997854,
3.17722000000322,6.60925599999155,1.13343300000633,9.21026499999925,59.373573000692,
1.57023099999697,9.0919359999989,7.64849099999992,5.21380300000601,50.1711349999532,
11.8569270000016,6.85538600000655,7.13501000000224,5.55976800000326,55.7359440000509,
3.42452999998977,6.07611999999881,3.397793000001,4.889382999997,44.0291830001443,
3.7960949999997,-1.45614000000069,3.39180699999361,6.44718000000103,63.2018839996817,
5.93784100000585,3.3301919999958,4.54924499999152,8.09816799999544,54.2557170004911,
5.41825499999914,9.04200100000298,-2.62019199999349,11.0949550000046,57.5841039998595,
5.59239200000275,6.4290599999913,7.78777099999888,5.51781600000231,51.3536710000626,
8.45705099999941,4.11367300000256,4.08814300000859,6.71580999999833,56.6495930003002,
-0.142925999999989,4.25809300000583,9.37688100000014,5.07066700000451,82.0686569998397,
7.78833499999109,1.86825400000089,0.00807999999506137,4.62236100000109,75.9024639990894,
5.65642799999978,5.75820600000588,5.71759500000508,6.79260799999929,60.1410369992118,
6.18450600000142,5.0578720000035,6.4134050000016,6.57296799999904,60.6517110004534,
0.783244999994622,-1.04048399999783,6.36817399999291,6.151601999994,39.081347000043,
4.33447499999329,10.5259070000038,5.62140200000158,6.95450200000005,62.2470629999734,
-3.83639299999913,7.35410599999796,5.3261160000061,9.8693829999952,45.0965529995628,
2.77078599999413,10.2868749999971,7.14161199999626,5.99620099999538,50.8115169996672,
4.43925600000102,2.07716599999912,4.19451899999922,7.81722099999934,66.4290499991548,
4.96803300000329,7.88500099999783,5.37425500000882,5.52923399999827,54.9362670002156,
9.09854000000269,10.0494369999919,6.03747600000679,7.66207100000247,54.6484410003213,
2.33180299999867,4.59180099999594,-0.694654000004903,7.21145000000251,51.2173110009026,
2.56835799999772,5.76088100000197,2.58650000000307,4.86464000000205,54.2798969995056,
-0.638912000004439,8.71472199999971,0.029328000003261,8.57609800000182,64.6957279999915,
1.60717500000555,10.0557030000082,4.87393000000111,7.72005999999692,60.0126740001724,
-0.684767000000193,6.2409409999932,7.97623000000021,5.83494000000292,59.6148550000325,
2.78515299999162,2.31468000000268,6.76454900000226,7.85288400000218,59.6828600000081,
8.61730699999725,2.85721199999989,8.63972399999466,5.71707799999831,36.6387139993276,
7.26627499999995,4.36123900000439,2.7424410000026,2.7424410000026,29.0996150003775,
4.40269600000056,4.40255600000683,5.18118099999856,7.4008150000036,47.3075579997021,
1.11433199999601,3.56905499999993,7.27564500000517,7.88643300000012,40.9213220003185,
4.49664700000039,3.76451899999756,3.39901199999986,-1.33503899999823,59.5631929998635,
6.98735900000111,2.10450400000309,1.0560559999999,8.54229399999713,67.2734700003639,
7.19473600000083,6.7123769999962,2.66825699999663,-0.34050399999569,60.9481889995186,
1.10023000000137,7.78534299999683,-3.03372399999898,7.02464699999427,41.2680300001775,
10.5031859999995,13.1649059999954,4.37210899999582,7.51058200000216,61.4090759999381,
0.679227000002811,5.67882699999927,6.43300699999645,9.8342439999933,43.5888170006401,
7.59469700000227,3.97676600000159,-0.121690999993916,2.73041499999135,72.5576479993797,
6.60234099999843,1.59462700000086,6.00985199999877,4.37278700000024,55.3795049996588,
5.9911929999912,0.855976000000737,8.40235700000176,6.65636499999891,63.6085640001038,
1.85388299999522,2.86707799999704,5.61139400000002,5.87872600000537,51.0182699994439,
10.5445480000017,3.94199100000333,5.35221900000261,4.15891399999373,45.6923159996877,
10.9860930000063,1.61314099999936,2.58412200000112,0.42323599999645,60.6325529998612,
0.606814000001577,11.147846000008,1.61640200000056,9.24789799999326,53.8436170004134,
6.79625600000099,5.65185800000154,4.34550300000092,4.37979799999721,50.3594330004053,
5.81582299999718,7.48438600000509,4.34430400001202,13.9784500000028,60.474571000188,
6.01469899999802,1.86747200000309,0.904656999998679,7.73006000000896,62.0421099994019,
-1.24038599999449,2.40936099999726,7.00848399999632,3.83303799999976,31.456763999442,
6.66459400000258,3.1154249999995,2.19844900000771,8.45241399999395,47.4124689997079,
8.44943300000159,10.2257600000016,3.14517000000023,-0.704445999995187,57.5870379994449,
9.8738800000001,2.29727000000685,10.2765009999971,11.056833999995,81.5068420004718,
7.64639400000169,15.0985719999962,3.4305230000009,4.7799579999969,57.939909000419,
12.6591610000028,1.9566779999991,8.20907299999772,3.88174900000013,48.5669040001267,
-0.203162000002067,8.76424200000201,11.3318689999946,10.0148540000087,70.6788520000628,
5.93631799999685,6.01194900000201,2.78098899999304,-0.0470330000021022,73.67365600021,
5.7414649999937,4.6003539999947,-1.72545900000023,0.357534000003398,54.4034049998336,
11.6010119999964,5.58545499999764,4.89106099999981,2.22704399999611,64.6242390003135,
7.27870799999664,5.63741299998946,7.63450099999864,4.67413499999566,46.8094040000215,
-2.67051399999355,9.48416799999632,10.3527500000059,6.88933200000474,62.2719419995265,
3.2364500000017,4.63787500000717,3.55777900000021,-0.599289000001136,39.2409379997516,
3.45047799999702,7.01979200000233,6.46108699999877,5.68763399998852,41.5414729997392,
5.11436900000263,6.94357199999877,6.51735999999437,4.43877099999509,56.8106150002532,
13.4197090000057,4.25825299999178,3.17786600000045,6.76051000000734,51.9568660000878,
2.24729499999921,9.88979700000391,3.16404000000284,4.67051099999844,46.0619390004067,
5.22849999999016,5.89981099999886,10.6529299999984,5.17325200000096,39.4630710003221,
3.39162300000407,14.3804570000025,4.53211999999803,5.65940199999432,34.909958000062,
-0.352394999998069,2.80830900000183,4.18326000000388,0.361957999996775,67.8424539997577,
2.20564099999547,4.33251499999551,0.234284000000571,6.21364699999231,51.0909339999052,
2.61382100000446,3.08357799999931,5.27604699999983,0.414023999992423,56.2399689996782,
7.38238400000455,1.34861199999978,2.42484200000308,2.83940499999744,46.0371660000492,
4.60066600000118,4.58726599999773,9.07495200000358,8.30026299999963,50.6257530000876,
6.11314400000174,7.86814300000469,3.09679500001221,3.60805299999856,46.0054269998582,
2.46630199998935,7.85802099999455,4.72555199999215,6.83376699999462,53.6732680009045,
3.94694999999956,13.8300120000054,5.8632039999934,9.06598999999915,75.1587269995543,
2.01783899999919,8.23582899999701,7.06041699999605,3.89599000000453,66.872608999598,
5.708787999999,7.4944420000038,2.49853199999916,0.837134999998398,50.1700579996323,
8.57987600000433,7.52814700000181,5.44231100000388,7.68211000000065,48.0420259999737,
4.3879099999981,0.399479000001975,4.45001999999931,4.00691200000256,46.5071749998569,
-3.68668199999775,7.51778099999774,-1.03017800000544,11.3478409999952,56.7851710004761,
6.00614400000541,4.88035500000115,3.85233100000232,1.35474899999781,58.3125740002615,
4.04837200000065,6.7942070000031,7.29873400000133,8.4659450000072,27.2132480000873,
1.34956100000045,0.441551000004893,4.9347940000016,4.06219200000442,57.2128950001425,
8.77905099999862,0.419799000001603,7.94880900000408,10.9808110000085,81.7766670006167,
11.3578100000009,4.97144599999638,3.84869500000923,5.4441929999989,65.6279890000551,
7.01740800000562,4.01405000000068,5.01871100000744,7.22987600000351,66.6980719994426,
3.70675700000538,4.23550800000066,7.91093800001045,3.00032700000338,49.4338040000112,
3.13281000000052,2.06033200000411,3.5124929999979,0.848709000005329,60.1166840002188,
4.7519529999995,0.436741000003167,6.15676399999893,5.05163399999947,74.7008590002843,
9.21265400000311,-1.1465490000005,7.57612599999948,9.21265400000311,67.2416609998363,
3.16586099999813,6.33055800000284,4.99124799999481,8.36384999999837,55.0026949999665,
3.35340299999916,-0.23101899999665,1.97893499999554,8.37899299999208,49.9520499995051,
4.98664499999359,4.53581299999632,3.56315600000607,0.296865000002072,51.4071650001424,
6.59932399999343,8.23684799999228,5.3887659999923,4.36234399999466,53.4956209995798,
-0.863696000004893,3.92343400000436,7.02981799999679,-1.03353600000537,56.693567999755,
8.95282600000564,5.5273879999927,8.36554400000023,6.8085949999936,56.550496000531,
2.99950800000488,12.6387500000028,8.54551299999275,6.21976899999709,60.5784830005323,
4.89693000000261,3.54000300000325,5.96219800000608,-0.203655999991497,48.8466080005055,
7.066902999999,3.98417700000437,7.35307900000225,8.10573400000567,72.1949250003308,
5.63621700000249,5.67741000000024,3.77486399999952,2.95361900000125,64.9048800003802,
5.91264599999568,10.659305000001,5.9897740000074,2.60420500000191,62.237526998917,
2.37359199999764,8.67035699999406,12.3570960000002,3.02480499999638,47.6339690000168,
5.38020599999982,1.38604499999019,5.80777699999362,1.67627599999514,47.8955439998754,
5.33207700000321,6.74552299999459,2.17140799999879,5.47323599999936,47.9298410003175,
4.45730599999342,5.70628300000226,12.2912820000024,4.37265499999876,55.4620529994318,
12.0999459999994,-2.93741099999625,3.43927100000428,7.16579200000342,65.4639400006636,
6.68119299999807,5.80619000000479,1.7094370000068,6.87418599999,44.7019380001475,
2.45713200000091,5.44257900000139,6.37274500000012,1.73035400000072,34.9733619999097,
5.02168299999312,7.05117900000005,5.04242799999975,8.83296399999335,58.7527539999901,
2.82560500000227,7.07713099999773,7.21213999999918,1.40157499999941,67.1787189998868,
8.95825600000171,10.5179109999949,-1.5028899999943,4.94442300000037,67.6190039997964,
11.5545340000072,5.7831380000016,3.33054200000015,10.2895389999971,63.609479999679,
4.3977919999943,6.18927400000484,6.47569299999986,4.84102299999813,42.1195879998631,
0.450442999994266,6.47222700000202,2.6683280000002,-0.674087000004874,60.5475990004925,
2.13370599999962,4.27127199999723,5.70478700000513,8.53350500000215,56.2819959993794,
6.39357899999914,5.90167199999587,4.1778539999973,8.93788899999527,49.1571349999322,
1.3173010000005,0.464097999999922,9.11816600000839,2.43914300000461,52.6245560001189,
7.30533599999353,9.82362799999919,10.4853500000013,1.15209300000151,45.6817589995371,
9.77371099999982,2.91786699999966,4.01133400000344,4.25688700000546,65.7876960002723,
4.20711099999835,5.64415800000279,2.67093199999908,10.1450130000085,64.9338350000071,
7.40641100000266,5.27066200000445,8.80502500000011,8.80502500000011,51.8263969995969,
4.24657100000286,13.0391320000035,14.4510359999995,7.07906000000276,53.4228659998989,
3.83449799999607,2.12328800000023,2.47590199999831,2.96779399999377,55.4881100001257,
8.386042000006,1.74954300000263,8.90909599999759,-1.14805200000046,42.9185619992895,
8.36015400000269,8.01940300000024,5.72037100000489,2.01308900000595,41.9662020005999,
1.9920439999978,8.459644999989,8.5308439999958,0.0987229999955161,56.9299950002096,
4.59506500000271,-4.45029399999476,9.11196399999653,1.86538700000438,71.5374950001533,
7.40246199999547,4.46341900001062,4.25845399999253,2.87796700000081,43.5005229993731,
3.32825000000366,4.11726400000316,2.66000600000461,4.11726400000316,45.0730390002755,
2.48032800000146,8.50189900000305,2.48032800000146,3.66888299998982,48.9612379999598,
5.85208299999977,0.484271999991506,5.4854649999952,11.8353260000031,69.1350480006513,
9.94329199999902,6.67657899999494,5.15734999999859,0.0684230000028947,57.9335140001604,
7.05261900000096,4.26222899999902,1.51337299999659,6.79652699999542,47.4954850002796,
8.00143199999866,7.75061000000096,8.93660900000123,6.9690219999984,80.9658619996444,
6.75703199999953,5.00443699999914,5.6387190000014,9.51103900000044,61.230906999841,
7.40276400000585,6.98546899999974,4.20920699999942,2.05920900000729,60.4154320002563,
7.52371099999982,7.45469399999411,-0.154010999994625,1.44928999999956,51.4349009995713,
7.47850599999947,12.1675850000033,9.43992400000207,3.48221700000067,76.3989540001894,
8.65747000000738,6.02122399999553,10.9477260000044,8.33333100000209,46.4945709999811,
9.23838599999772,3.64636799999289,7.62169699999458,3.6759300000017,60.3596930004423,
0.342557000004035,7.10915599999134,10.5994989999908,8.4738529999986,37.1953219997995,
13.0653969999994,11.8598369999941,1.90192700000262,7.54150300000265,45.1403569990762,
1.05900300000212,7.53327700000273,13.8458120000005,10.206846000006,48.8758880001478,
1.37314600000354,7.27478300000121,9.21054299998968,7.85238000000481,34.8321409994387,
-2.85544600000003,14.7773790000056,7.0262319999988,9.94571800000131,57.8416349996405,
2.35826199999474,7.56966200000079,11.4861279999936,0.180569999997715,37.9372730001633,
2.25287199999775,10.7361799999999,12.3820340000029,2.00913400000672,56.7642130000386,
4.28249099999448,9.37775899999815,9.37775899999815,3.79297799999858,61.047270999974,
5.75478200000543,15.2244419999947,4.73360899999307,5.04971600000181,76.512163999505,
5.37248200000386,2.89038000000164,3.51630600000408,1.69940399999905,48.0881150007917,
5.87154399999372,6.58045799999945,7.90347000000247,5.87154399999372,53.0836649994599,
6.61404500000663,7.89797900000212,4.36878900000829,4.42645500000071,52.8866249995772,
4.38736600000539,7.23570100000597,12.0955369999988,8.35524700000178,50.0376790001174,
15.2225930000045,5.08576399999856,4.2070719999997,-0.0115340000043034,33.1480979999142,
4.32416099999637,1.2860729999984,4.08878200000345,-0.120221999991827,56.6160609995532,
8.12118799999052,6.01266999999689,4.3414989999942,-0.139766999998301,45.3077090002516,
3.49442599999247,4.05613700000049,9.86660700000948,5.13295099999686,41.7784120003744,
9.24599299999318,8.75049699999272,5.85712700000158,8.86502799999516,63.5031749997688,
8.15403300000708,12.4743920000014,1.23578500000622,7.72135100000696,39.3427359996276,
-4.25107899999875,5.02489499999911,0.417647000002944,9.25785599999153,38.9170809996467,
7.56983000000218,3.11100299999862,7.90725200000179,6.28250799999159,45.9471810000614,
2.81077000000869,2.0317820000073,0.607719000000543,6.28051799999912,58.1436639999592,
4.27026800000158,5.60607999999638,1.89197099999456,6.2896430000028,66.394704000104,
4.78005600000006,10.6859139999979,7.88440699999455,6.62285000000111,38.5685219993829,
6.38159300000552,8.35496199999898,2.77192999999488,7.55036799999561,47.3535169999814,
-0.683885000009468,6.05803000000333,7.24704899999415,3.94333400000505,47.5088360005248,
4.00214100000312,7.83371200000829,5.81953599999906,6.02011800000128,43.0998089997847,
14.416841999996,8.12423100000206,8.07475300000306,3.92050800000743,50.0030500001958,
-0.16586400000142,9.51702500000147,2.38301500000216,4.19760599999563,56.9116160001249,
7.91341500000044,7.10514000000285,0.673959999999624,9.7507230000042,76.0208849999544,
4.99218200000132,10.0816490000002,4.19302500000413,7.0748750000007,37.3972830003077,
5.03971600000068,2.41260799999827,8.80371899999363,5.52532099999871,34.6697889999414,
7.21282799999881,5.89690500000461,6.18107799999143,3.20839999999043,48.9859109995814,
8.45105399999511,8.4489620000013,2.90119599999844,15.3514399999935,53.728240000386,
8.59915200000432,4.02322199999662,11.2253350000128,10.7276279999946,59.6094569998713,
4.33666699999867,7.66521700000249,6.30601699998897,9.41630800000257,50.0194039999478,
9.18295299999818,8.39397200000303,8.33940099999882,0.490765999993982,64.9876920005336,
-2.35681099999965,1.5566599999961,6.81265900000426,4.90007900000091,57.068604000473,
7.59310799999366,0.527183000003333,6.5047289999975,4.44499300000189,43.3033269994776,
16.0275599999991,8.32891099999824,10.4145879999978,7.79931499999066,50.9468979993726,
5.74039000000084,6.06802799999605,4.33155799999804,5.47747200000049,35.9713389995741,
9.02819500000624,7.8856110000047,-0.920489000002817,2.95745499999703,51.0537840004072,
3.86374599999635,6.45344599999999,-0.0936649999966903,3.08124299999326,51.1375390001667,
6.07306799999969,0.294562000000042,2.99987499999725,3.86004900000125,57.0523270004014,
9.09982199999877,10.1755879999955,7.82365799999798,5.22143699999697,38.2514950000586,
4.88726699999597,3.34213200000022,6.01523799999632,6.1526050000025,54.2158719997642,
3.12249199999724,-0.116670999996131,6.04573499999697,5.95797400000629,55.3592109998754,
1.61913000000004,7.52294899998969,9.02416899999844,3.09350700000732,65.7516150005904,
10.5455359999946,11.4816359999959,3.47844100000202,4.31990400000086,34.8249490002563,
2.46496800000023,4.25030699999843,3.44386900000472,5.94512499999882,59.5839269998287,
1.85386099999823,11.8950810000028,4.30378600001131,6.00713700000369,62.3946369998921,
2.31486200000563,0.854515999996238,11.1326490000019,2.31486200000563,62.0059279994493,
6.12016499999982,7.60803900000337,1.05173499999864,13.0890139999974,62.3113330005763,
8.46126999999024,7.66293099999803,8.62669099999584,3.67885899999919,36.6664459995809,
8.65515900000037,8.99148099999729,2.94385799999418,5.00441800000453,54.7550330002559,
2.54885500000182,3.16440700000294,9.33456899999419,-1.02481800000851,61.7819030000937,
12.2764180000013,9.42579000000114,4.01596599999493,9.80392200000415,66.8881189997082,
6.81664599999885,12.0178189999997,6.5542040000023,11.4356839999964,57.3057879998014,
7.95132799999601,3.48562599999923,7.06988599999931,10.6961490000062,60.4625890003408,
2.56688299999314,5.19624000000249,7.52368200000274,3.94952900000408,43.3479319994331,
10.0236920000029,4.21431699999403,8.03403400000343,5.2168770000003,52.5210490000209,
7.20865699999513,7.22484899999836,4.42538799999556,1.91817899999751,38.3781440001221,
5.11170600000287,5.60041599999477,1.30053499999576,3.19720399999869,52.87926000058,
10.1642510000047,2.68174200000249,8.95059700000274,4.39479600000004,49.7049389996937,
7.26886399999921,5.71647500000154,1.76967699999977,6.59196300000394,50.8869629999208,
0.311304000006658,8.48811899999828,3.08807100000513,0.977570000000469,58.6304129998971,
3.53314699999373,6.9059599999996,0.295859000010296,10.9469170000007,59.4262549996747,
3.3626430000013,4.71294100000023,6.1195539999967,10.0360699999987,61.9067789999826,
2.10895899999832,8.75151700000197,2.68116899999359,-0.807479000000967,46.8313170003712,
7.35445299999901,2.95993299999691,5.66426499999534,3.89083300000084,50.604215999927,
2.24082700000008,2.22821800000474,9.8837779999958,0.598054000000502,55.5179859998898,
5.04736099999582,11.0225129999985,7.77769299999773,2.43399099998987,61.1310980004782,
1.25573499999018,-2.10143699999935,-1.17500199999586,6.68091699999786,57.6910499999067,
4.61240399999315,0.00934099999767568,6.91267799999332,-0.496283999993921,36.6761499997847,
1.50764199999412,-0.390096000005997,2.13708599999973,9.3644680000034,56.9151289994734,
6.53903799999807,4.27900999999883,4.55088799999839,8.61817799999426,41.693177999834,
6.10740199999509,6.44222900000386,5.00949599999558,4.41963499999792,47.6305619998966,
7.13751199999433,6.39205999999649,2.06592400000591,6.781087999997,53.3767710007705,
14.4284529999959,6.58851700000105,-0.721309000005931,-0.999891000004482,69.1640929997375,
5.09058499999855,3.52255599999808,6.36766699999453,3.26475699999764,45.4739380005267,
5.58468900000116,-0.143055999999888,1.93917899999633,5.00943899999311,39.094708000157,
6.15197799999851,3.08823800000073,1.09645000000637,4.02515099999528,37.7416009997287,
3.18212300000232,6.16616200000044,1.58745700000009,1.5021370000054,42.2641180002101,
0.80854900000304,5.89083599999958,1.00844200000029,5.71512500000563,47.8339479996866,
6.78598800000236,7.55206099999396,4.51169799999934,-0.197054000001572,53.4584500004821,
7.30754699999625,0.941402999993443,5.70256899999913,6.12970300000688,58.0953450003144,
-0.35699899999554,5.13354999999638,7.93969299999799,7.88165899999649,69.2146909994372,
4.88267699999869,2.24766600000339,5.76488400000017,4.17906800000446,35.6107799994716,
14.1132689999977,5.50023400000327,4.11769200000526,3.64434199999687,43.595831999799,
12.382194000008,2.6814830000003,5.55444700000089,-0.0246289999995497,57.0202980006179,
5.30862500000148,2.54575099999556,6.63239199999953,5.59904600000164,31.7155149996215,
4.14786500000082,1.86459700000205,5.11091099999521,6.72580499999822,54.5150730006353,
7.26729999999725,0.415670000003502,0.539721999994981,1.473056000003,64.9222659998159,
1.71518700000206,6.46096300000227,3.35346599999866,1.71518700000206,48.8807019990454,
2.60463500000651,11.554303999992,5.11299899999858,6.42376099999183,34.9267859998072,
10.9038209999944,6.82001199999422,9.58098300000211,9.81495800000448,65.931928999722,
3.93199299999651,7.36438999999427,7.40412200000264,18.0457499999925,57.6828529999038,
-0.654552999995758,5.56645899999285,4.0632229999992,11.0767049999963,52.4999630005259,
2.96625899999844,4.87214800000265,4.73224399999981,3.56607599999688,34.7774289999688,
2.67709900000182,0.517697999995562,8.0955819999981,0.957424000000174,69.2598189993914,
6.80815200000052,6.55252100000143,4.76450099999784,13.0178450000003,62.7962250002165,
7.79346600000144,10.6079130000012,2.80461199999445,16.126373000006,72.3401140001552,
8.47847699999602,7.57432299999891,4.70656600000484,8.89048800000728,50.3447669992856,
5.87024499999825,3.7312220000058,-0.347431000001052,5.1082629999969,58.5090399993896,
4.75055899999688,4.18916300000592,5.62184099999877,7.31146800000397,55.1511129998253,
3.91326700000036,0.517936000002464,4.65877900000169,6.55516800000441,55.3405500004483,
3.56660899999088,5.16273600000204,-1.40608700000166,6.16087599999946,54.1995699998843,
-0.845867999999882,2.64628499999935,3.97801600000093,13.1133569999943,56.6368689997289,
5.49776200000406,9.24751999999989,10.2572790000004,-0.205709999999726,57.7296710000155,
6.75071400000434,3.37691500000665,7.2924020000014,7.29701299999897,52.9357129995478,
3.51651599999514,8.78629400000091,9.60418599999866,2.8207450000009,37.7253109995181,
8.74013699999568,0.14625999999771,4.4260639999975,2.4931580000034,48.1117330000889,
6.43235799999957,6.18955699999788,9.36570399999891,7.0160820000001,57.4391929995872,
11.0521130000061,7.30646000000206,6.02666400000589,3.96509299999343,52.650996999615,
4.7887370000044,3.050738000004,2.28255399999762,7.29507999999305,58.8908000002084,
1.93332400000327,5.64379199999485,8.0881509999972,0.66309199999796,35.4277539992072,
6.25946500000009,7.24512700000014,-2.42126200000166,4.65506599999708,60.8880210004318,
6.3321639999981,8.52352300000666,3.91541500000403,2.3260420000006,45.5759470002376,
2.62030799999502,6.43798799999513,9.26269399999637,5.16898200000696,69.0698469998424,
2.28754499999968,3.50849100000278,8.74587800000154,4.35577199999898,59.878305000293,
14.1144359999953,5.13209700000061,5.3515039999993,9.76487100000168,36.848864000036,
7.1774060000007,2.09146799999962,0.832632999996349,6.87606900000583,62.7435249999471,
2.30339999999114,7.50613800000065,6.7063259999959,6.76467800000228,64.104890000046,
3.82962599999837,8.95811800000411,3.23042899999427,1.70906499999819,45.2390230001001,
10.3525880000066,1.69669699999577,-1.35121800000206,6.40720499999679,60.6158479995247,
6.227188999997,7.12409900000011,17.2297719999992,6.87654600000042,69.752625000634,
9.37130799999659,5.81396500000255,0.792301999996653,4.21749099999215,70.2380170002616,
2.45443700000169,1.12504400000125,5.24115599999686,3.69160900000225,44.2497319998838,
3.54352099999642,5.79553299999861,1.73051200000327,7.47241099999792,61.3988630000713,
9.66082700000925,2.57221100000379,7.15359800000215,4.40171999999438,50.9210120001007,
7.58643699999948,6.37367599999243,-1.17569100000128,14.2044169999908,69.1153710002582,
4.38677299999608,6.96851599999445,5.86059499999965,7.98665799999617,55.7010489994827,
5.06228699999883,5.84019200000512,-1.5493279999996,5.06228699999883,42.6390190003513,
0.219372000003204,7.82045199999948,2.83756599998742,-1.70020700000578,57.7619120001218,
4.48477899999943,1.69865499999514,5.99838599999384,7.21480000000656,61.1256409999878,
5.17212300000392,3.87749100000656,3.96824199999219,2.77944199999229,47.7937329998276,
6.35692399999834,8.34673099999873,5.26853099999289,2.99680899999703,56.8446049991762,
3.62630699999636,5.10072100000252,0.648208999999497,0.143339999996897,64.6655040004371,
10.5498149999976,2.94472400000541,9.02361199999814,2.28216999999995,44.3245059996734,
4.03961600000002,1.84290700000656,3.81951800000752,3.8824480000012,41.9780589992151,
8.80129899999838,1.90705899999875,6.96475399999372,7.86788399999887,64.5882540000166,
13.2164589999975,-0.478922000000239,-0.394616000001406,7.39222099999506,66.6304099999797,
12.7972459999905,4.32217600001013,1.78034299999945,1.04880899999443,57.338602999469,
11.2420560000051,2.95756000000119,10.4047690000052,12.9126650000053,47.5074449999483,
5.26169600000185,-2.49702399999342,0.559206000000813,8.37542199999962,65.5616100000698,
2.32798099999582,-0.901184999993347,1.31454100000019,0.215422999999646,80.9992679996722,
1.31767800000216,9.36060799999677,8.29461799999945,3.79405000000452,59.2776439998524,
6.52881699999807,10.4552049999993,7.39023800000177,6.23985299999822,63.3044619996508,
10.7316460000011,5.01437600000145,12.4438320000017,6.28330099999948,73.0455949999014,
4.49574899999834,5.11712000000489,4.62200600000006,9.32818800000177,71.6418980000817,
8.57999399999608,6.47219000000268,10.4025949999946,9.75242700000399,50.4144679999881,
7.50100099999599,5.81767000000082,2.40464499999553,4.84164499999861,42.8603309996979,
-0.184900999995534,4.48716699999159,4.62963099999843,7.3639130000015,55.2384750002529,
5.11858700000221,7.76802700000553,8.10728599999993,9.77635799999325,75.6632130001017,
1.17761700000756,2.38564699999461,5.19254099999625,4.9308909999977,41.8698410002689,
1.62930999999662,8.91323100000318,-0.231630999991467,6.00219099999822,60.6013499995643,
8.81876100000318,7.3555929999975,4.90918400000328,5.83181699999932,40.539599001273,
3.48476599999276,6.9026270000013,6.08153900000434,2.24489500001255,80.0711530000517,
1.7961489999966,8.97432100000469,4.52714199999764,-0.177411000005577,51.0022399993577,
5.78344400000651,4.65803300000152,4.73457900000267,7.39456000000519,51.4240160002846,
11.6677709999931,5.84430800000064,6.45336599999928,16.038800000003,58.1725520003238,
6.53959399999485,5.89864699999453,2.77586100000462,5.56803300000411,40.7963890002975,
4.48830600000656,7.81310699999403,6.69153900000401,5.67881200000329,67.4746770000165,
9.44132399999626,2.4666850000026,8.35257999999385,10.8907670000112,50.3861799999722,
0.303468000010525,3.84227400000145,8.79171300000507,2.62777700000106,49.5013600003331,
-0.802823999999418,9.80775100000528,8.93509900000072,12.9760340000057,55.085668000047,
7.31941600000073,4.08838899999273,2.41921200000115,7.31940100000065,48.336747000074,
11.5278220000005,7.60078999999541,6.09434600000395,17.4652350000019,53.2186339994732,
8.75577900000462,4.84262899999749,0.0990040000051522,4.18506999999545,66.5899329995773,
4.11629799999855,2.61444699999538,9.85349900000392,8.43930099999534,53.1663029996162,
-0.110473999997794,2.57944099999759,9.07037699999591,1.65301899999668,56.1711090000026,
4.9767480000005,4.52444100000366,6.29168900000195,3.74736900000562,51.3092990001496,
7.1127670000069,3.82158799999343,7.41885800000273,-0.747561000006044,65.5264870001592,
8.38935600000468,4.1011719999965,9.50038400000994,10.8429299999948,69.1096900002922,
8.69778099999667,2.6716139999985,2.97839499999282,10.5160200000028,49.6430280001114,
2.74196399999664,1.89727099999573,2.71628499999952,5.32117100000187,65.2085440002775,
5.12158300000192,10.6959569999981,8.99880499999927,8.65748199999734,49.2618769996479,
10.9528899999982,3.24987199999669,5.07055999999875,0.504670999996961,47.4451740000259,
4.16901800000187,4.54772800000774,5.68382199999633,4.39094699999578,54.7513820008753,
6.72496899999442,5.49785299999621,7.6424680000041,8.34345099999928,59.3803219993461,
11.3067399999977,9.3249179999948,10.9784289999975,3.01374299999816,57.980174000204,
3.80049700000154,6.19260699999404,5.60401000000275,1.40302900000506,66.3854340003709,
4.85350099999869,2.56318300000385,-3.60382399999344,6.58758899999839,63.9664069998944,
11.7772789999985,3.82841100000087,8.44524999999794,3.3752740000009,50.5833609998226,
9.39207599999554,8.83985300000268,7.3734260000042,3.01056700000117,62.1764479998492,
4.85617099999763,4.05180699999664,6.74602199999254,3.74367500000017,39.4822369993235,
5.55889799999977,6.27475999999751,6.60948699999381,1.23369099999491,48.9903329998524,
6.30057999999508,6.544715,5.53930699999501,6.94250499999998,54.7358589999676,
5.33233399999381,3.19917999999916,6.84906400000091,9.47375099999817,44.6041199999636,
13.3952410000052,6.69546900000341,4.41888700000754,1.08402700000761,58.1847579997921,
5.37649700000475,3.93206500000406,1.93730599999935,3.66741599999796,35.9246060001024,
-0.313199999996414,3.74074200000587,3.14958299998943,10.266774999996,60.2808820003193,
7.80692800000679,4.7711180000083,6.07950900000378,5.12804999999889,49.033582999793,
4.27974599999652,5.51695800000425,8.28098799999907,11.4764639999971,61.8799750006001,
4.77154800000108,3.7675330000111,5.39745499999981,-1.33418899999242,61.1160790006106,
14.6673750000018,2.62317699999949,4.88593199999832,14.6673750000018,62.9158230003486,
12.9909450000014,4.73348800000258,6.08047499999657,3.21076599999242,51.506258000325,
4.33445800000254,1.55011300000206,5.53539100000489,-1.00670500000524,62.3977800002322,
9.4164129999981,5.14759599999934,8.52097799999819,-0.63135399999419,43.1132939999079,
6.90943399999605,9.3766480000063,15.5708580000105,2.61747999999989,79.1689380002172,
2.81255000000465,14.1002809999968,1.73191700000052,5.55616799999871,48.2425460004088,
9.08971600000132,7.11754200000769,11.7461200000034,3.64717699999983,68.4364599998225,
9.23196800000642,12.3511010000007,0.554768000007698,6.17608500000006,38.6785660002934,
2.98184700000866,1.07673400000203,-0.59703100000479,7.01858900000389,74.3066689998777,
9.45753599999898,8.52191999999377,6.37125699999524,-0.0192060000072161,53.8778029998939,
2.98671999999715,6.25372000000471,2.01530799999136,2.56869699999788,71.7574530004858,
5.35709900000393,7.29021000000284,10.6704669999972,8.26756800000157,56.9477220004446,
6.51711899999191,9.49737700001242,10.8837959999942,10.28006,64.7592150003038,
6.20245099999192,6.46275100000184,6.48179399999981,11.1038149999995,46.448185999714,
11.705260000002,8.44875699999238,10.6202049999915,-1.41982699999699,45.7149030005967,
5.13827000000401,5.46119299999327,6.01014599999962,-0.373045999996521,45.7062429996295,
-2.71694900000421,6.99374099999477,10.2954610000024,7.17528899999888,70.5354709996209,
10.953587000005,10.889443000005,-2.17083100000036,1.89449000000104,65.1137390000513,
0.803180999998403,1.87780099999372,2.81811700000117,2.72942000000239,52.8227609993664,
2.64177699999755,2.43741399999817,1.05386299999918,2.43741399999817,65.7604310005336,
7.13016699999434,4.46021900000233,5.39789299999529,11.1243590000013,67.0412369999831,
10.7137600000042,5.47708299999795,1.96292400000175,10.0525409999996,62.2536219999456,
1.9162200000028,11.0929930000011,11.8718770000023,6.47371599999997,70.8004750000509,
5.60470400000077,6.44813800000247,5.60470400000077,9.33223399999952,55.2855700000582,
12.9563700000035,-0.73454100000481,1.9243679999995,5.54703400000835,71.6463219998695,
7.99324699999852,6.34198299999889,2.12175000000298,7.00756499999352,39.0403169999845,
13.1039329999994,0.650351999996474,2.29329800000232,7.87177799999472,48.7789709999597,
5.29347800000096,6.46521100000018,5.7903400000032,7.73719999999366,38.7950260000689,
9.71181100000786,10.6496759999932,7.14822900000445,8.53293599999779,51.6121199999106,
5.51798699999972,7.96666300000243,1.06496800000741,4.72431700000334,61.7997890005245,
4.84788199999821,8.1318580000011,8.1318580000011,0.135476999998446,71.3813389997231,
6.9274300000011,5.76906800000279,10.0821420000052,1.57804700000406,61.6413510002203,
1.51284899999064,5.88315400000829,5.53619300000719,-0.530279000004157,69.9238159999404,
4.99831500000892,2.53349400000388,8.62110800000619,5.54653399999961,43.343576999614,
4.18492900000047,5.71218200000339,6.39634599999727,5.35962499999732,46.7919960005092,
1.69247200000063,3.72256600000264,9.56870799999569,7.91035600000396,45.9315650000535,
4.39644899999894,3.9735190000024,6.89564099999961,3.32088400000521,28.183713999515,
3.74018299999989,2.4460390000022,8.70017800000051,8.90107999999873,55.5019029999858,
-0.820556999999098,3.4869859999958,8.87558299999864,1.96034400000372,61.109199000588,
5.25908499999514,4.57868400000325,1.6426539999984,5.1475489999998,43.6304639997215,
4.55949000000646,5.37826899999254,3.36575999999877,-1.3719029999952,41.562737000153,
5.45454400000608,2.62092400000211,3.5042270000049,0.864549999995234,61.7717350007333,
8.69261999999662,6.15152100000023,6.47622900000806,5.71980200000326,33.2634359999101,
1.12505499999588,-0.623230999996849,6.88149199999634,5.6703800000023,53.2980110002609,
8.26752499999111,8.786768999998,2.10393999999633,-0.338629999999739,48.8911430000553,
5.13495900000362,4.89614799999754,11.9822049999993,8.61842100000058,90.5584990002972,
-3.50472300000229,0.0903259999945476,9.74050299999681,13.4857269999961,70.2994570001647,
8.51879200000167,-0.263982000004489,-0.560900000005859,7.56144800000357,55.9798760003287,
4.84242000000586,8.14969999999994,10.4275109999949,9.42594499999268,40.9338750004681,
5.04924800000208,9.97893900000099,2.84232599999586,5.52805600000011,44.7079459994711,
4.06677400000308,4.30169000000615,5.30290200000081,6.0433469999989,49.31094199992,
4.67652600000156,7.90456299999278,0.106446999994205,4.10154499999589,76.9051700001364,
6.12701499999685,5.7296859999974,7.85571600000003,2.36762300000146,58.988280999627,
5.84920900000543,3.27509000000646,10.5272279999958,12.501016999996,61.3806399996502,
9.00858700000072,7.32055299999729,6.07640100000981,9.47170499999766,56.7945460003502,
0.273841000000175,4.26324199999726,4.34684100000595,5.04265600000235,55.5801090000859,
9.66774199999782,10.1730530000013,6.16274099999373,5.81139200000553,80.9930309995543,
4.91594600000144,-2.21580000000586,8.59933899999578,2.96271600000046,85.7418099995557,
10.1713429999995,8.13617200000954,4.74449099999447,2.81490299999859,51.2214650003334,
6.67218599999296,13.4688949999968,2.01931399999557,0.478925999993862,68.4362050004565,
1.46204699999998,0.338600000000042,12.3152420000042,14.005899000008,44.0997469995928,
7.95641500000238,8.51654200000758,1.98605200000202,8.69062500000291,51.6987650000665,
2.41749499999605,11.129603000004,1.3404589999941,1.3404589999941,45.5153170004778,
5.3552629999981,3.62194299999919,4.2769889999995,-4.89337699999851,69.6781479996207,
2.24379899999849,6.29150500000469,-1.79681000000892,1.1910909999965,48.2744380005279,
4.40181799999709,5.33084599999665,3.36334600000328,17.6818860000035,83.3240830001523,
4.8682450000033,5.62390699999742,7.20054200000459,5.27210000000377,64.1519570002856,
5.21038100000396,6.42589700000372,-0.780872000006184,6.21369700000605,51.163705999752,
4.89377099999956,8.15872299999864,1.48788099999365,6.01290500000141,46.8325529997201,
5.76645500000359,3.46926599998778,8.62371000000121,10.9935209999971,64.0034170002145,
8.93509000000449,13.8605570000009,1.1150179999936,3.49297200000819,63.7364780001699,
3.18481599999541,5.86657699999932,9.80660300000318,11.1746579999999,44.6249519999219,
6.40539699998908,7.8419340000014,8.82271599999649,1.64688600000045,67.8689230002674,
10.0386320000007,4.4574930000008,3.90260900000112,1.7103920000045,34.8948169998548,
4.79055600001539,10.5662319999938,13.9527500000017,12.5219319999946,37.3594070003273,
10.2515299999986,4.78886300000931,-0.434994999999162,2.00493499999811,56.93962499997,
7.80457500000239,-3.41303799999105,2.46934999999439,5.55849900000112,58.1025269996571,
9.78381999999692,-0.910170000000107,7.24059100000159,8.41357799999832,51.2830000000031,
1.46426399999564,7.46570199999815,1.52415600000631,1.03700600000457,79.0641370002959,
7.32421999999269,5.91295399999626,-0.309845000001133,5.45025000000032,51.3145869999753,
5.92602399999851,10.8852660000007,13.2659850000009,6.96743099999776,46.0062659996511,
-0.630695000001197,6.89557600000217,3.58060299999897,9.97056699999985,70.1031420002146,
4.38380799999595,6.37231900000097,-0.671728000001167,12.4963999999982,54.3045009994748,
4.26208200000019,1.21827600000552,13.5266819999997,12.9850379999943,38.2620159997314,
6.43027800000436,10.8718370000056,3.5878809999972,0.290563999999449,57.9026180000437,
5.32628699999987,8.09586800000898,3.22686800000247,-0.470996000009109,58.3985429999884,
4.00325900000189,5.10133900000483,4.56809899999962,7.07173800000191,39.570978999549,
7.07367599999907,6.44178100001,5.88356100000419,2.41067199999497,37.7311170005341,
12.7579649999921,7.05220500000223,0.998262999999497,4.26866099999734,51.167919999727,
2.62343899999814,1.42636900000207,0.887127000002238,13.6192129999963,48.2722490001142,
5.84426099999746,-2.29972800000041,5.94565699999885,9.27147199999081,47.382593000053,
7.83049400000345,3.32908000000134,3.408061000001,9.08141899999919,53.3986079997994,
8.38954399999602,8.05209200000081,0.95608400000674,-0.729975999999624,45.9888720003837,
-0.0858690000059141,1.28885700000546,5.48352500000738,7.90939800000251,74.7221809999282,
7.31383500000265,9.26793800000405,4.11156499999925,6.37478200000123,53.5280189997029,
11.1326640000038,0.322613000004822,7.39486299999453,6.65315000000282,49.2547370001739,
-0.816913999998633,4.16658200000165,1.95420100000638,6.78021600000284,57.946277000603,
2.63541700000133,6.07388099999116,0.292727999993986,11.1803129999998,62.3573390002894,
2.86388999999826,13.0476090000002,5.47034299999814,5.36181100000249,37.8792009997778,
2.84820800000352,6.53850999999668,5.17602599999964,6.2278670000037,89.1516020002055,
2.93009799999572,-1.70876300000054,-0.0962239999967096,1.98928799999203,67.3396179993906,
4.68766499999583,7.75648399999636,9.1229929999995,5.47780300000295,49.2826380001061,
8.3086319999943,4.43219999999428,6.97159699999975,3.59881999999334,61.3060179998574,
5.55809000000454,3.81624300000067,3.88129100000788,4.66010600000072,28.942852000484,
4.03154500000164,4.73068400000011,2.73912400000791,4.86423299999842,39.5914929999526,
5.85687099999723,2.76588399999628,11.5564100000001,2.74394100000018,66.4934979995342,
1.02877200000421,9.01103299999477,6.63953500000071,7.6694390000016,50.0788150000917,
2.52001199999631,3.54362299999684,6.42814699999963,0.344810000000507,33.4577120000649,
10.7257779999973,1.19333700000107,11.7104569999969,3.81295799999953,76.4897549994785,
4.22891000000163,-0.22783100000197,6.43052600000283,14.4795939999913,66.6459970000324,
4.31247400000666,4.26382700000158,8.6225379999978,4.35813000000553,30.8273689999442,
6.64193400000295,5.59562600000118,2.63386099999434,6.97992899999781,68.5484809997688,
5.64878999999974,8.89185399999496,-1.86949900000127,9.0739669999989,48.8903429994971,
5.40983699999833,10.1378390000068,10.2069720000018,11.1070730000001,44.9444439995968,
7.54908800000203,11.0330809999946,8.76446199999737,5.84359300000187,53.2498820000255,
4.77013000000079,5.87091099999816,2.75480000000653,5.02460999999903,58.0713119994034,
8.62118499999906,1.54822800000511,8.10720000000538,4.14029000000664,70.409220000085,
8.8326669999974,3.90345899999829,4.4785579999957,9.09376499999871,50.5072079998281,
7.59452800000145,-1.2156359999999,2.90260900000385,5.45363200000065,51.3736339998177,
3.63872699999956,2.34574000000111,0.497784000003776,2.72780900000407,54.5943629999965,
7.94936999999527,6.37129600000208,8.53537099999858,12.637555000008,58.5176449995633,
7.47297800000115,4.0006889999936,6.05097999999953,7.60679699999127,66.7697990001325,
5.31049099999746,2.21339700000271,11.7582960000004,10.8638590000041,68.3228409997646,
-2.57749999999442,2.08736500000578,3.2241780000013,11.6742280000012,54.0944190004775,
4.37814599999592,7.83016799999405,4.59674699999505,5.74290200000496,52.86734899968,
0.859382000000551,6.56920900000523,2.26822000000129,1.92547700000705,56.7129340005704,
5.4888339999975,6.33717700000307,11.8386230000028,1.8726819999988,44.0127819995687,
5.01406599999564,-2.49830199999997,12.7121499999985,3.43727200000012,54.0419130003793,
4.24021999999468,8.55942500000219,5.49625200000401,1.77323599999863,71.1926680004544,
7.46553600000561,7.5831809999986,8.9719429999941,-2.35854899999595,65.2792849997822,
2.20179400000279,5.47397000000683,-3.40045800000462,2.79511300000195,42.9783619996306,
-2.16169200000468,6.21502999999802,6.0241109999979,2.05827600000475,66.3294690002513,
2.82414300000482,1.17767399999639,4.68614699999671,0.883854000000156,67.8417590000099,
5.72705800000131,4.13822800000116,10.6396159999958,10.6468159999918,58.8121939995835,
3.0939229999949,12.8640939999982,3.91388599999345,8.39929899999925,45.0537999998596,
3.58860999999752,7.02099400000134,4.58400600000277,4.55728700000054,25.0099180007601,
7.54186299999492,3.24745299998904,8.95106699999997,5.73607899999797,45.7139420002422,
1.85224699999617,1.09050699999625,5.88670199999524,5.282383999996,54.4584800001721,
2.37487299999566,9.97522999999774,8.78205000000071,5.44449900000473,61.1746899995451,
11.6263169999961,2.39473400000588,5.12644500000351,7.68277999999827,61.2065589998419,
1.41893800000162,6.31918099999666,6.60215400000106,9.46772000000237,56.5868280003779,
11.7683569999986,8.19778099999712,9.04960300000175,2.58749600000783,56.6547850005772,
6.12149499999441,0.756576999991012,5.18560799999477,2.53968200000463,59.0946319994546,
6.12459600000329,0.67191700000194,6.18386199999804,12.4927370000028,46.2644120003715,
-1.64047599999412,5.73943199999894,3.03183400000489,6.01118499999211,74.4180520002665,
9.93816599999855,11.0547060000004,6.00859900000296,6.86252499999819,51.7478869996703,
6.21338799999467,6.31268299999374,4.98738899999944,-0.041095999994468,44.5545750006168,
2.2979220000052,6.39320499999985,1.39937400000281,4.12240300000076,59.1405280000145,
6.6261179999924,1.1544700000004,7.28620800000181,10.2827159999897,49.4829950000603,
3.80505799999946,1.55487200000744,6.59878400000071,8.22703300000103,44.9973950005005,
0.39215799999738,5.61781300000575,0.542254000005869,8.4205190000007,64.123292999564,
10.1445440000052,3.67126400000188,10.6040679999996,6.58677099999704,78.8965919998118,
6.93676000000687,8.91743300000053,5.99615700000322,3.33106400000315,51.8383319995301,
4.79932699999972,1.40714199999456,10.0082699999894,7.09776899999906,50.2754039997053,
7.54877700000134,3.14815200000112,3.65387699999837,6.22613600000659,67.4294079997562,
3.56126099999983,8.65953499999569,6.08075299999791,4.03750600000467,50.4801479998059,
8.9462569999996,6.79058799999711,0.314688999995269,6.72976599999038,61.8078609993572,
6.49533599999495,-2.42673200000172,3.93343300000151,-1.08682599999838,40.1220339991814,
2.75126699999237,6.04930700000386,6.91646700000592,5.67470499999672,55.8132219999316,
8.17314299999907,0.936394000000746,4.69244800000479,0.344504999998207,43.6495329998907,
13.8206410000012,8.55639400000064,3.59478800000034,10.2249019999999,55.3931689998462,
6.90078800000265,4.42485100000386,5.54500399999688,8.42684000000418,51.3295439998001,
0.22001500000124,2.80510300000378,2.22515200000998,13.9549599999941,75.80135399957,
8.80897299999788,5.54683399999612,13.5655209999959,6.77666199999749,45.0819699999338,
1.84287299999232,5.21301100000437,1.81913300000133,5.21301100000437,35.8816009994298,
8.45200399999976,8.15084999999635,4.51514100000259,5.1087739999989,66.4573869999149,
3.74695600000132,15.918417000004,4.70671900000661,3.66580000000113,37.2143369999394,
2.39573299999711,6.58615400000008,4.69767199999933,6.42476000000488,31.9091480002571,
0.322084999997514,11.543139000004,6.0889989999996,12.2531939999999,46.8717060001145,
6.85773600000039,6.85773600000039,5.7407430000053,7.50516000000152,47.069657000382,
3.70214099998884,-1.88990800000056,2.29817700000422,10.4749020000063,50.9536339998158,
4.13497299999244,3.45804500000168,13.7071020000085,1.94555699999455,35.432264000734,
10.3814509999997,7.10951799999566,4.91196999999784,8.79146700000092,64.4043069994987,
5.09402799999452,11.0506930000042,5.2405019999992,11.8153480000037,62.4873589997515,
6.46810299999879,2.85017900000685,5.37356500000669,10.1365860000019,48.0894760000738,
4.2570550000014,5.42324299999291,7.08490500000335,7.49051900000131,36.820960999914,
8.43761600000016,-0.372430999999324,5.91710999999714,5.84898299999622,50.1876160001775,
7.20334399999956,10.0863790000008,8.31499000000622,4.42626799999971,43.6372969997246,
12.5917269999973,6.51943499999561,-2.85600399999794,2.90593900000158,65.2978000004441,
6.82111699999632,4.9754360000029,0.932093000004443,6.14767999999776,68.3450910002866,
4.18186800000649,3.87905199999341,5.42853200000582,9.10969600000089,56.9644580006425,
5.00780099999793,4.52660300000252,2.70189400000072,4.47053900000628,48.1718439998331,
4.26471500000389,0.874347999995734,2.99432500000194,6.7977960000012,48.9021220005307,
4.11959399999887,12.4132620000041,3.53316600000562,8.18447600000036,52.4529289998245,
-0.659664000007069,8.77811700000666,7.66916400000309,-1.04908299999579,45.9564760002322,
3.57169800000247,5.10128999999824,1.07992400000376,11.6574680000026,40.1365290003123,
6.95051800000329,3.77540800000043,5.2395399999964,-1.09316299999546,45.0870599999107,
5.963087000006,6.67186799999627,5.25094000000445,3.05638199999476,53.3979029998809,
0.521279000000959,0.535540000000765,3.10548900000595,5.03595199999927,82.3047879997685,
3.90738400000237,5.56788799999686,0.491892999998527,6.79759599999761,64.2295670000785,
5.15102599999454,1.77337400000533,3.17566600000009,3.73687799999607,66.053590000025,
2.70296599999574,7.06995300000062,2.70822200000021,7.31499499999472,73.7250710002008,
2.27938200000199,10.157378000009,8.40001999999504,6.71873400000095,50.4010790002321,
6.47189400000389,4.98126699999739,7.9086530000036,5.18721600000663,76.5925460000399,
3.93190799999729,5.02157699999543,2.12173100000246,0.177739999996902,77.4162059993905,
11.2366749999901,6.15124399999195,1.77033299999812,-0.855407999997169,59.6407630004105,
5.28534000000354,7.0864279999978,2.85216000000491,5.61040299999922,55.0677820001365,
10.162400999995,-0.227332999999362,8.7359490000008,5.52130399999805,55.7146800004302,
8.9842299999932,11.8616089999987,7.61318400000027,-1.78789400000733,60.1389100004708,
11.6995109999975,6.99815300000046,4.48631200000136,2.66435899999487,48.8749900000948,
5.50340100000221,8.63840400000754,5.89269900000363,8.1471709999978,41.8339950003356,
11.4879670000009,9.28959499999974,1.77605899999708,7.06712600000037,49.1352039996273,
6.32249299999512,0.940786999996817,2.34567500002049,0.644927999996526,46.6136019998085,
3.10572400000319,6.62687499999993,5.57460199999741,10.4847239999976,40.2642539999688,
2.95725700000094,3.6748340000081,7.2925399999981,-3.29840799999647,78.9463820003039,
7.23903099999461,1.97076899999774,2.93414900000971,15.6591269999954,60.2764150002768,
6.01922300000024,3.5960270000046,-2.8429959999994,1.18674999999757,52.1982559999378,
7.67983499999991,5.48820599999772,3.90431700000545,2.44746399999849,56.395015999864,
3.51580299999841,3.72790900000473,4.67139900000211,12.849415999995,36.8938870004131,
0.549282999993466,3.12232000000586,4.62467100000185,-1.56506199999967,66.7763190000987,
7.75294199998962,8.27279799999906,5.59834500000261,-1.34427000000642,75.1507239999446,
3.55516899999702,9.44297900000265,3.54726600000004,8.41833699999734,48.8513600001788,
6.02223800000183,6.99075399999492,7.52859400000352,5.19280099999833,49.8694590002124,
0.0617210000050363,7.89233000000877,1.54870999999866,2.49052399999118,53.5519909995346,
8.22950700000411,1.11747999999716,0.779481999998097,11.2791989999937,75.1780160004455,
1.91906900000231,3.68112099999826,4.29248700000016,4.68229300000166,62.2517229996411,
7.48436400000173,14.6939320000065,-2.08234100000936,3.71061700000337,61.4655190000049,
2.91236499999604,-1.35232999999607,4.63209100000086,2.91236499999604,57.3561309997858,
6.6508470000017,3.89164100000153,9.05306400000109,8.89719299999706,48.8419909995864,
1.85946500000091,6.73971399999709,8.1766950000042,8.32592400000476,38.261174999745,
7.38742899999852,6.53086200000325,4.83921699999883,7.5933939999959,46.1122429999523,
2.68818899999496,10.5638780000018,1.38567400000238,3.58915299999626,58.1553129992608,
9.37013999999772,3.46968200000356,3.05794300000207,0.661324000001969,66.2593330000018,
1.2263699999944,-2.82308600000215,10.1397469999938,6.76986900000384,62.4611989996956,
10.0004049999984,1.08002700000407,2.46683199999643,9.53348900000265,43.8868740001599,
1.80144799999607,4.70045300000174,4.98606700000391,3.23879300000635,57.7561789995598,
2.26317799999151,1.73706100000072,4.28720199999634,7.60095700000329,43.4296669996111,
4.66195700000344,-0.988647000004676,0.842422000003808,3.72569300000123,61.7470790001535,
7.39235000000099,4.66905400000041,7.49271700000781,9.1450679999939,26.9931149996264,
5.73180799999727,6.46843899999703,4.53398300000208,5.33863100000463,57.1475819993975,
3.26472600000079,4.60227700000269,6.66286099999525,3.02761200000077,37.2192670000331,
8.68359499999997,2.91898100000071,14.273237000004,9.1044470000088,58.8291139995781,
5.26418800000056,1.17488299999968,0.538833000007344,1.11439100000325,63.1793620007156,
4.44221200000038,-0.283169000000726,-1.58834800000295,5.05234099999961,64.3250829993121,
4.34392400000206,9.02283300000045,0.475086000000374,6.04396799999722,66.8175180000726,
5.92263199999707,4.86341400000447,0.356592000006458,11.8706480000005,43.9298849999141,
10.4446209999974,6.71303100000205,1.65593999999783,3.29524900000251,47.7010549989282,
7.41911199999277,1.35044599999765,5.62240299999667,6.07129599999962,28.8742899998142,
7.27122400000371,-3.96483000000035,11.2688619999999,3.91597600000659,62.4002269999801,
4.21087099999977,7.53178800000387,5.43509000000176,4.4440700000082,46.1000560002249,
5.11102000000392,3.1321310000003,7.48785099999122,6.7622490000058,56.8837380001496,
2.7574039999954,8.59326100000408,4.63094499999033,2.74782200000482,41.0834530001011,
1.72536800000717,3.43576699999494,7.01364900000272,4.74768099999619,45.2825870000306,
5.83747100000755,1.10417899999857,4.60527700000148,10.9675339999944,58.5923010001825,
7.42639699999927,4.80049799999915,1.37554800000089,5.68483000000151,66.4077719996531,
0.946518000005199,7.54533000000265,-3.80663299999378,6.45856599999979,76.871140999323,
3.12139700000307,8.48127199999453,12.7949899999971,-2.65531799999007,52.8642710002023,
7.32605000000012,5.2588199999982,2.13259899999275,11.1038099999964,49.8211610000435,
2.6514210000073,4.21883400000024,2.14773800000148,3.32063000000153,61.359314000154,
3.48205700000153,6.57318200000691,3.16578999999911,5.69008699999631,41.0289829996509,
7.16423500000519,7.24242899999672,6.68600900000047,-0.745348999993439,59.7168290000736,
0.812625999989905,0.436067999999977,4.13835099999642,6.97712700000102,52.6481170001571,
2.05627399999821,4.52725500000224,4.52725500000224,6.60855400000037,57.8074779998278,
6.40264499999921,8.70150600000215,5.47531000001027,6.40264499999921,41.3937700002753,
6.51973500000031,1.27256100000159,2.84472699999787,4.02774400000408,54.7433169995384,
8.6214210000021,2.7174319999981,11.7003360000017,3.80409799999507,42.7843810005725,
7.16005699999778,7.94819200000165,5.73138600000266,2.7905190000015,38.2948649999416,
3.09356399999706,8.20240499999318,6.21925399999827,7.58682699999281,46.5042500001255,
10.5569810000061,10.0547770000021,-0.660162000005585,7.77176799999825,58.8751909999082,
5.01705999999467,5.34596399999873,6.72159100000363,6.79621500000439,66.6463200002945,
4.51553399999739,5.01489400000173,3.90324399999827,3.65054500000633,56.5424510000739,
5.4543770000023,4.23296900000014,4.2033330000022,6.9021789999947,66.7390309998009,
6.62724900000148,6.31369499999755,7.27193199999783,4.95659000000524,58.1445040004,
7.27553699999453,12.1240549999993,7.86046099999521,10.5116960000005,73.0721380003743,
3.9727069999949,4.41783499999929,3.9727069999949,8.03438899999765,61.604527999516,
5.7894090000068,3.93907400000035,5.59604699999954,6.61585399999967,59.5617389998115,
2.32305200000519,3.69957100000056,3.69957100000056,3.03546700000697,66.1091630005103,
2.16401699999915,8.78269000000091,10.8105920000012,8.47681500000226,56.0241100001767,
5.29769599999599,1.4823870000082,7.03101600000264,6.46902700000419,68.8297080002303,
3.83148999999776,6.27546300000404,9.48953399999527,11.4565950000033,55.3611670000719,
5.75333800000226,5.75333800000226,3.50228300000299,6.89475200000425,52.3664419998349,
1.88032000000339,5.63693000000785,5.79985299999953,4.68570900000032,37.6517990005923,
8.70118200000479,8.79053999999905,12.560034000001,8.41311600000336,69.52907199939,
0.0164120000013099,0.569749000003867,8.7881139999995,9.02483000000211,55.2953989995149,
6.62737799999786,8.86798199999839,9.1313969999992,1.20307700000285,40.7044219998388,
11.2013859999975,11.1899030000004,11.1899030000004,4.21239199999445,66.46499699985,
7.77221899999768,9.83710699999983,4.79137300000593,6.18175900000233,38.6915219994007,
9.81503699999485,6.12486899999976,6.01462700000138,8.31088699999509,47.1962559996391,
2.67627300000049,8.06544999999915,3.82819000000063,3.12841299999718,50.0918969994491,
4.51557300000104,3.5024010000011,3.67435000000478,14.7665620000093,65.426270000462,
8.77462300000843,3.56855599999653,8.38050899999644,6.65923200000543,56.0113830004047,
7.35502999999972,8.18470399999978,4.04394499999353,9.08607800000254,62.8191000003171,
6.20326399999612,4.29155799999126,6.35587100000748,4.04764599999817,78.0836659995221,
7.84424499999568,4.97453499999665,5.12439099999892,4.96180400000321,48.9812650003041,
12.8333299999958,8.13072299999567,6.64253600000438,7.76915500000359,51.4313640005676,
2.01468399999931,2.96533299999919,12.2574109999973,5.00298800000337,36.9580119998973,
-1.00529200000574,4.08242199999768,10.8306809999976,4.56967000000122,51.201364999175,
6.46433000000206,4.99075200000061,3.3214090000024,13.4108189999934,59.5917849994148,
8.76301299999795,10.771292999998,1.44146399999909,9.21849400000292,72.526385000001,
-0.367553000008229,7.90412100000003,5.69693099999859,2.68591300000071,63.6748769998085,
10.2446110000014,0.850163999998131,3.59622900000113,1.14344699999219,63.7525929998374,
1.42330300000731,3.15274899999258,3.66938199999868,6.91149900000801,63.9033719999679,
10.0102790000028,8.93242099999316,3.07905199999504,7.17876199999591,49.4984790001981,
4.91130200000089,8.35692599999902,2.13317500000403,7.89784099999906,46.3565109998235,
7.65245200000345,7.59539900000073,5.43336300000283,8.28138700000181,63.9878489997973,
7.29518299999654,7.62845400000197,7.61488000000008,8.41848699999991,56.4899420000656,
2.40285800000629,5.12812600000234,11.6147620000011,0.364675000007082,78.554106999658,
12.416858,0.799162999997407,2.58135500000253,0.676281999996718,72.564562999858,
9.74684700000671,2.52974500000073,3.32368799999722,6.84761999999773,54.9943049993635,
4.13488500000085,3.79328099999884,5.18089900000223,0.30824500000017,63.0181230002163,
5.05627700000059,4.03940199999897,0.193396000004213,5.05627700000059,45.25872099958,
7.18096799999921,4.6311029999988,3.0808599999973,4.08913200000097,35.7827250002447,
7.96305099999972,6.10325299999931,8.5743989999969,10.632677000001,55.3486450002529,
5.43129500000305,5.7841739999958,2.04994500000566,5.54303699999582,43.7651659999865,
2.29335100000299,8.63620799999535,0.633163000010882,6.61036200000217,59.4726980000378,
5.99829900000623,1.80898500001194,6.1734039999933,11.5376500000057,40.8242409995764,
2.31212099999993,4.50921299999436,8.11602099999891,1.03988800000616,55.2881060002146,
-4.36254399999962,3.64943799999219,3.99553100000048,8.94760100000121,43.5584509997716,
2.05744000000004,2.7972309999991,1.944931000005,10.0700869999987,40.2079149998863,
4.30460700000049,9.02124500000036,5.00964500000327,3.80037100000163,86.2835570001989,
0.941420999999082,6.51720099999375,2.29592600000342,5.82649800000172,40.6483249999437,
0.764549000002262,2.62518999999702,1.5789120000004,5.06480100000454,57.5670320000791,
2.53077100000246,7.40956800000049,7.02976699999863,9.95674799999642,55.2593730000299,
6.76311200000418,0.704993999993803,6.61658999999509,4.90990300000249,58.402984999957,
4.52248899999768,7.4947020000086,-0.527756999999838,6.09352599999556,62.7032729994971,
-0.389140999994652,3.64320199999838,3.75401100000045,3.51954599999908,34.1650080002801,
7.81361399999332,5.07929999999897,5.16822400000137,1.48427699999502,66.1988650010135,
11.5784290000038,9.60960399999931,7.9980129999999,11.2132459999948,40.810505000336,
3.56967000000122,9.00689000000239,3.28196799999569,8.65135600000212,61.618587000281,
4.05416499999228,4.18944999999712,4.28183099999114,2.35952300000463,45.9321789996284,
7.52028799999971,8.99821199999587,6.40087399999811,1.30494499999804,35.0221120002243,
5.16903500000035,2.63801799999692,-2.22105199999487,7.44003599999678,61.1215500002363,
8.89230500000576,4.88190499999064,3.86497500000132,8.25292699999454,34.2415860005131,
7.53300399999443,4.11642099999881,8.74469699999872,1.27645399999801,48.9785909991115,
5.03134399999908,6.05460500000163,6.41366299999027,1.33535900000197,64.0198150001343,
-2.35410500000125,0.326036000004478,6.82779500000515,2.90684899999951,48.0771420001365,
6.36273899999514,1.08027700000821,2.46128800000179,1.34320800000023,56.1567680004664,
4.85146499999883,5.46447699999135,0.454283999994914,5.18960600000037,73.4040970003953,
8.46283399999629,8.59263899999632,5.52214400000094,8.45650599999317,43.5226420001854,
6.47470800000065,4.85814800000071,8.35058600000411,9.21100799999567,37.5480270000844,
0.850019000000884,9.94859200000246,5.69020700000328,5.08340600000429,53.6282270001793,
5.73144300000104,0.64210699999694,3.17770100000598,0.64210699999694,49.4865659997777,
8.85881599999948,4.87486500000387,9.62990299999137,11.4287549999981,55.8766859999923,
-1.80607299999792,2.98147499999504,0.13722099999859,10.6950159999978,54.0652549997285,
7.68000700000039,6.01048600000149,2.94512399999712,4.46349499999906,46.3791760011336,
6.96478999999454,0.96020499999986,8.31772800000044,7.76767400000426,59.58550200018,
5.68213699999751,4.55948699999999,8.14968099999169,5.15297200000759,35.8881690000344,
3.1529490000039,-1.94367999999577,10.7666930000032,7.76771499999677,62.6503850006302,
5.28230700000222,15.7962599999973,9.90554000000247,5.91035000000375,56.5507240011102,
1.649772999996,10.4354830000043,15.1062769999994,1.27226800000835,56.8896409996523,
1.37728099999777,8.99554999999327,4.84112999999888,3.19716099999641,51.8134040005134,
5.24845799999548,11.8833609999947,4.55452300000707,6.38499699999647,62.0978010001636,
3.18536900000345,7.16364300000896,4.27546400000438,5.09914400000389,50.5667140002297,
2.11090400001149,2.11090400001149,-1.89610600000606,13.1713149999996,53.535774999953,
3.79994399999987,12.2250029999891,9.81549599999516,14.0011559999989,51.315131000003,
3.39676400000326,3.64342100000613,3.34182699999792,3.41255700000283,51.3053049999944,
0.685550000003332,0.0316619999898649,1.80275600000368,3.33873699999822,59.6491879995956,
-0.776552000002084,2.24221199999602,5.01897400000098,9.15315699999974,50.254266000291,
6.65963499999816,11.5455130000018,11.4396229999929,4.40518799999927,69.3985109996247,
4.17865100000154,4.77091299999029,2.52407299999732,9.84015999999701,34.5501580000637,
2.2645370000032,3.42710699999998,7.58538099999669,3.47204899999997,43.2063350002172,
6.9291830000011,7.38495599999897,6.32697699999881,3.57693200000222,60.9407879996288,
7.21858299999712,11.9813290000066,9.6170440000019,4.99197499999718,34.2427059994443,
2.89686100000154,6.57872499999348,1.03669600000057,5.03185099999655,65.421352000365,
3.73378099999309,7.2770840000062,11.878264999998,3.57122299999264,67.4314120005256,
4.03281199999856,4.17173700000149,3.28512699999601,6.22477599999775,43.5844660005205,
5.82284100000061,2.82565200000499,6.29280299999982,2.97894699999324,43.8720220002288,
10.2263750000006,4.70202700000664,4.80860300000813,-0.343868000005841,54.7821270001368,
8.36443600000439,0.517355999999381,3.52685399999746,3.52685399999746,55.4751269997214,
8.60861399999249,5.98267100000476,-5.2931000000026,1.48181300000533,47.7512449992973,
7.1922370000043,6.40866199999755,1.95418799999788,4.27937099999599,28.6806190002208,
-1.11910100000341,8.84900500000231,0.994090000000142,8.29117799999494,65.5302359999259,
4.56861299999537,7.27737700000171,12.4903480000035,13.060996000002,62.0096640000374,
8.56821600000239,7.2210519999976,3.89863900000228,7.29579199999898,51.3241670002099,
4.52257399999962,7.82464800000207,-0.559919000007994,7.30338099999608,46.3127300002707,
6.03748900000301,5.05239100000063,7.84722500000044,12.6886089999939,60.0589450000043,
5.40125099999705,9.17610000000013,9.75303300000223,2.28153699999666,43.1602010004099,
5.47740099999692,0.390935000003992,5.65945599999304,11.1249850000049,40.5103120003914,
7.17035699999951,-3.53735500000357,2.00445200000331,3.64711000000534,81.123865999758,
4.02124800000502,2.08010200000217,7.43742400000019,8.18572699999686,40.2702230001487,
0.90232899999728,-1.5496059999964,0.743981999996777,7.9588109999977,62.6247979999098,
2.2198149999972,6.35812700000497,7.91516500000125,9.12740500000154,57.0562289997288,
1.92471099999784,0.624386999996659,8.52021300000206,1.43334100000357,74.4066000006824,
3.6525590000042,10.4499859999946,8.33406000000014,11.0898289999982,41.0386309996356,
6.35719500000368,4.47556500000246,3.34623300000339,9.50686300000098,40.4824350002127,
2.03664899999376,2.14711900000202,3.24760699999752,1.09827199999836,54.243569000475,
18.6105440000028,8.00912999999809,2.87906800000792,-2.91945999999734,69.1672870001967,
3.32376500000692,10.555223000003,6.31993399999283,8.93321199999764,52.6468290006887,
5.16303800000605,5.54405800000677,5.78244300000142,9.1623050000012,53.5137090000535,
6.84775699999773,10.1208379999994,10.7848270000004,12.2573149999939,48.6369850002629,
10.3069820000019,10.0167060000035,2.20258099999637,3.06873299999961,48.9846139999208,
7.50028200000361,0.888853000001745,2.75400599999421,4.21913799999902,52.2223359993586,
3.29651100000046,8.18900000000804,6.55789199999799,2.09929300000022,52.628787000147,
9.08949500000199,8.13485699999455,3.97641700000031,4.61979400000519,79.6060470000266,
0.609061000001475,8.62111000000141,12.6185339999993,-1.88388999999688,58.9487400007602,
5.63852199999519,5.28635399999348,5.28635399999348,5.63852199999519,61.0121480001362,
2.65065000000004,5.45030099999576,9.46483900000521,0.385763000007955,36.4937889997345,
10.151053000006,11.4971040000009,9.92794599999934,8.10707399999819,47.5041370003273,
8.85923600000297,10.0502640000004,11.155833999996,9.33334899999772,47.1091840006484,
1.55200600000717,5.24125900000354,3.57102000000214,-0.690988999999263,68.9771669997644,
7.55035100000214,6.66179399999646,8.66785599999866,10.3347000000017,33.7117669999934,
6.35745200000565,5.03949099999454,7.00327500000276,8.3995930000051,51.3238420003254,
4.23375599999463,1.43987699999889,4.56469799999559,6.13995899999645,56.5168870001253,
4.65116800000123,4.12643600000001,4.88174999999683,8.43091699999877,78.7498790003738,
-2.00730400000066,4.18269600000394,6.08060499999738,6.40042899999889,80.4899070004794,
2.80707099999745,6.38318699999809,2.54032299999972,2.37522200000103,51.3673450005044,
0.83733799998754,5.77700800000457,21.4357680000048,3.13155399999732,64.1491169996589,
12.2451529999998,7.67027299999882,3.53069300000698,6.03611199999568,51.5759550005278,
6.46144300000196,6.60752299999513,7.60654900000054,8.3773029999943,47.9548339996218,
2.4971569999957,0.858720000007452,14.3014769999995,7.54307999999855,47.725938000407,
6.85112999999637,7.00874299999396,3.73849499999687,9.32644500000606,43.2708900000034,
10.952739999997,11.605816000008,11.6852719999983,9.81789199999776,48.2825939996292,
10.1640409999914,5.43841900000371,9.27846000001045,4.2499220000027,55.9801699997734,
2.14126299999998,5.91690999999992,4.61988100000326,8.55822099999523,60.7858639999431,
1.20807099999683,9.88839600000392,-0.0049490000019432,5.99329500000113,51.6802369995239,
4.28649600000472,6.91169299999865,13.3288819999939,4.20444800000587,60.399312998994,
13.2214190000013,8.13728699999683,5.32857800000374,3.98952699999654,59.7958759992762,
3.67786700000806,3.67786700000806,2.8547890000018,3.63810999999532,72.7180380000609,
3.95855300000858,3.8375700000006,6.82466499999873,3.19988000000239,46.0401250000577,
6.45780199999899,8.333942999996,9.46633100000145,7.31160699999782,47.9956159995636,
5.94629200000372,0.731813999999758,8.72539999999708,7.67338999999401,47.5630620003758,
5.88795199999504,2.13161499999342,3.39830400000756,2.24709300000632,46.1830830002109,
4.3707579999982,11.3239710000021,2.51604300000827,6.28072299999258,51.1343049995885,
12.4420800000016,11.8337119999983,4.06359099999463,2.97346200000266,62.4162120001238,
3.85726300000124,0.761866000006194,10.1175979999953,9.27405599999975,48.4953990004251,
7.25138800000059,3.03135700000348,1.09252400000651,6.72417400000359,36.1763459994945,
2.54295500000308,-0.652240999997503,6.4046229999999,4.24959199999921,65.3763399994423,
5.27485900000011,0.847152999997434,2.71952699999883,3.35238899999877,40.092793999982,
10.1889540000034,10.7316300000025,5.07400500000267,12.413155000002,56.8656300003349,
6.23901500000193,17.4394579999989,7.49330299998792,2.86560899999404,71.9146880003718,
4.15823099999579,4.63173699999652,2.82024899999942,4.12419300000192,50.3866590001562,
2.29742200000646,7.36282999999457,3.37231100000599,10.3122410000019,46.0378189998919,
2.31255600000168,5.46981100000448,6.692363999995,9.1222379999931,63.628170999651,
9.50779500000453,1.20022000000017,14.1136879999981,8.9163120000012,47.6145919990777,
3.27481299999863,-1.26517699999704,0.300388000000112,8.36741200000733,54.3233590000418,
1.14594799999122,9.59921599999552,12.6164389999963,7.61445700000377,55.0693859995663,
5.88569399999915,9.62167700000191,3.9700989999933,4.63344399999733,59.4673819992895,
10.9396339999935,3.9552450000092,5.85423499999661,6.52853699999787,56.3468740002099,
9.72101200000134,5.55109799999764,2.18524700000171,4.60139700000354,61.1462129999709,
1.59620000000405,9.00988200000393,9.29714699999931,13.3041680000042,60.5571729999283,
5.45867700000599,0.40893200000437,6.845280000005,7.37093099999493,56.2270229999958,
8.16153699999813,5.3973230000006,4.90285200000244,5.50002099999756,43.3133979999184,
0.490874000004624,15.7837290000011,2.1535869999957,10.0126899999987,58.5295319998841,
13.3114430000073,6.77486000000044,0.953579999998055,14.3276889999938,59.8358120000339,
3.6952350000015,7.24140700000407,9.72245199999134,8.42199100000016,65.6215649995465,
2.01927100000785,4.28748699999869,11.4625619999961,7.90642900000375,66.6860999999844,
12.4883839999934,6.59740899999588,2.93337800000336,9.13795200000595,66.5646659998456,
5.50553399999899,10.0063010000067,0.0665870000025279,5.91361899999947,41.6356490000544,
2.88562800000773,6.21313399999553,2.99597500000027,4.51813500000208,58.6569310004888,
8.58324200000106,5.29588200000353,6.25295800000322,5.09137599999349,64.5168020005876,
2.92139499999985,4.69555299999683,4.24401199999602,7.77494899999692,54.1533909997524,
5.65056099999902,3.00891199999433,-0.677312000007532,6.63357299999507,32.2042869995057,
8.03032399999938,-0.636658000002171,0.250493000007282,0.832604999998239,60.2264859999159,
4.66487300000199,8.66781900000205,7.18935900000042,5.75519800000302,51.1664790001014,
3.23366899999519,8.77875400000084,6.26216800000475,5.04162799999767,51.3287439996529,
-0.371343000004345,7.1924120000067,2.4324230000002,3.65432399999554,57.2309330004573,
5.80943599999682,5.40588799999614,7.76448799999753,3.62996799999473,47.2942999996994,
5.80412799999158,2.59338999998999,6.13260600000285,5.36733699999877,40.4025009991201,
7.46891299999606,7.00978299999542,2.63595800000257,-0.473593999997775,56.0349039995999,
-1.65244399999574,3.00790900000447,9.87013099999422,7.14753199999996,61.5427389996403,
2.58804000000328,6.77000599999883,1.71315300000651,4.05685400000266,55.248158999133,
16.9244170000002,2.83345900000586,4.45940899999823,12.561326,74.1094960001356,
2.99177300000247,6.78423999999723,2.99177300000247,2.93072399999983,34.9787129995202,
4.52137400000129,-0.712867999996433,7.81865599999901,9.56758499999387,47.333338999968,
6.1032429999982,2.32555700000012,6.64520599999832,7.97802899999306,40.1749670002901,
2.86431399999947,10.7451940000019,9.17149699999845,2.61722100000361,42.1524290002235,
3.96941200001083,3.14652199999455,17.7024340000003,6.71224100000427,61.0790699993922,
7.90352100000109,5.35415399999829,9.39048100000673,12.611332000004,38.2056440003253,
4.18224700000201,-0.967283999996653,-1.67383399999289,5.32685000000174,38.7890680003002,
2.66739599999892,7.49505400000271,6.57774400000426,4.61559500000158,38.918007000033,
-1.43732600000567,0.55767200000173,5.50190400000292,4.02584099999967,50.8632760003456,
0.0695069999960651,3.37894399999641,6.06700599999749,9.6155069999927,68.5460029997412,
8.74504799998795,3.64355899999646,6.74451099999987,16.4802100000015,43.5737239999653,
2.27865300000258,4.36455500000102,10.8557490000044,3.76106100000379,40.3365340000637,
4.7833970000006,16.4439010000028,6.3264379999996,2.91991999999573,63.2956659995907,
11.2790620000014,4.36187899999186,12.5162059999966,5.76370300000826,38.5210349997833,
2.80936600000086,5.86894500000108,8.90036399999917,2.29029399999808,45.0036970006695,
0.636871999994582,7.12969900000371,4.1643200000035,11.1605249999984,51.6666770007287,
7.14229199999181,14.3139949999972,1.57437199999822,13.3938030000063,57.0177170000024,
10.4322199999992,5.78630000000294,5.70428099999754,9.57546099999399,70.9001420000059,
-0.412514999999075,5.07177200000069,4.60868800000344,9.16093899999851,52.7534210003869,
9.13517700000284,5.84920300000294,5.3349769999968,4.31098200000315,53.9109640003771,
3.00765300000467,8.64196099999708,4.61273000000165,-0.0274499999973159,49.2195550005308,
7.23127400000658,3.39549399999441,8.98132799999985,2.93421400000352,71.7905220003486,
6.18782499999679,9.10862800000041,5.15503000000126,6.39463900000374,55.6541600001256,
2.93702800000074,12.4540249999986,5.29026399999975,3.59748300000729,70.9696229999972,
4.87676200000033,4.71977299999844,6.90636799999993,-3.37450700000045,77.4371290002673,
11.8174240000048,8.19356700000026,0.692460000001574,2.31377999999677,41.4204460003166,
7.82547399999703,5.9885649999992,7.46673199999259,5.88022199999477,46.2420819999825,
0.455162000003838,2.45157500000687,9.42857999999796,5.49361900000395,65.9884740000307,
7.55703300000323,4.10699399999976,3.79141499999923,4.10216799999807,55.4628770002018,
4.51245499999641,1.13215500000751,3.41855799999666,8.47004399999923,43.1805860003005,
4.07670699999653,9.77011499999435,8.0607470000009,4.07670699999653,37.9514559995987,
8.35706099999879,0.112193000005846,3.43378899999698,8.35706099999879,49.0681520001381,
7.89045899999928,8.38733200000752,4.06444300000157,11.1125099999977,30.1031940000721,
6.413195000001,6.61223399999972,2.74109399999998,6.33055800000147,58.2954960001553,
3.2017720000008,7.00435700000116,7.88324399999965,5.51192900000024,65.3514739999373,
1.36670299999878,6.62329300000101,5.96091400000068,10.7961849999938,75.3231249991659,
0.648778000005677,3.66038099999741,1.84817900000189,4.49677099999644,51.8695540000044,
2.17231799999763,3.42686999999432,4.76514400000724,13.9666029999967,52.3546430001588,
1.21801599998707,13.4443500000007,7.32400200000484,7.77166300000044,51.4527989997405,
5.41965399999935,4.18559300000288,11.3719260000012,6.20470700000578,44.7310579998084,
11.9588609999942,5.80277600000954,3.79185599999892,7.96778199999517,55.76500400023,
6.60000200000059,11.7358280000062,5.24508100000503,6.8349450000037,45.5351380003995,
8.89843699999938,-0.502400999996553,8.20942099999729,12.3356839999992,68.1217610001731,
15.4861899999996,16.1138919999989,5.36615900000425,3.02756999999701,55.5685499997344,
6.63090800000873,2.52517900000112,8.93511500000432,5.91123200000584,52.3908449999435,
8.1264810000057,5.57805800000006,7.87014299999555,6.78218599999491,62.7070629998052,
5.32527700000719,6.04353299999957,2.00359300001037,8.5065090000021,62.7699730000968,
7.62762299999486,3.03530000000046,6.41027499999882,4.92107499999611,39.8575840002923,
10.3964060000012,11.4423280000024,1.98026099999879,11.2865870000019,66.0432749996362,
6.67737999999645,7.98634000000357,3.75529600000118,8.08281900000247,56.796216000319,
0.616252000000713,1.69939899999827,4.38215199999468,-1.55717800000411,42.7411299996675,
0.16580699999804,4.42534700000533,5.22957999999426,11.5087319999971,63.152058999749,
6.66578599999866,5.6383550000005,2.78976399999419,4.97665200000711,29.1524560003927,
8.276673999992,9.7593829999978,9.18450800000119,1.42559300000221,59.1182929996176,
-3.0034970000047,9.25297100000398,2.3195809999952,4.00619499999584,57.6842610000094,
0.986416000004738,5.63459599999987,4.54739199999631,7.59724799999913,75.4629489997824,
8.96448799999598,2.04030899999634,7.67709000000332,5.65903599999865,44.5863069998159,
6.49601800000073,6.1930249999964,-0.307364999996025,8.24889299999131,47.7641030001832,
8.64124099999663,3.13008499999887,8.41823900000009,8.90607800000043,65.7826849998346,
0.381428000001506,-0.17372999999634,5.00292299999501,9.17549500000223,41.3151199994463,
4.41427799999701,6.99341100000038,2.85619599999654,0.18115499999476,46.7732040001792,
7.84758200000124,3.45403699999861,8.96918199999755,6.34049000000414,55.6464409997643,
5.78765500000191,3.08913100000245,3.2979990000008,5.66324000000122,39.9338960000241,
6.36479100000133,12.7260769999953,12.7114920000004,6.46508800000402,69.7057129999266,
11.568567999997,10.3332870000013,7.42160299999978,3.74677900000597,52.3494540004067,
3.73887600000035,1.40785199999664,0.949026000008416,6.34573199999795,69.0615480000088,
2.97564199999852,8.20698599999832,2.63683399999263,8.08555200000774,67.0048569997416,
5.09110500000315,7.15377199999875,-0.118453999994927,2.94940200000428,46.4675500004196,
2.67902800000093,0.584907000004478,2.33529300000237,4.49720799999977,37.4163439998265,
5.38150300000098,2.64193999999679,7.25662300000295,3.50996199999554,57.8775000000787,
-0.103844000005211,5.52197099999421,5.8506910000051,2.75241900000219,64.0165659995982,
5.70980100000043,11.4071250000097,4.64179300000205,8.8064540000064,51.661715000133,
4.59783400000742,3.60030300000244,7.19870599999877,8.14132700000664,49.7118479997807,
3.6522049999885,7.01513199999044,6.52524800000811,7.33157400000482,77.6501949995836,
4.29128299999775,4.37659299999905,3.18056499999693,4.03727499999741,41.9853440004263,
5.94057100000191,8.10683800000106,-1.28832200000124,9.23189599999523,51.6480880004237,
-0.323944000004303,8.46604699999125,7.8219930000073,-0.901407999996081,60.8199609999429,
