0.0202857779999986,0.011773528000007,0.0182849560000077,0.0125655619999852,0.0133419007999531,
0.00979928800001471,0.00280592000001707,0.0219582860000046,0.0041112740000035,0.0102146605999609,
0.0208272580000003,0.0112509559999999,0.0113844599999884,0.0100899579999923,0.00942159300003404,
0.000504099999991013,0.0211924480000025,0.0113449020000062,0.0159343979999976,0.0110334190001668,
0.021585825999995,0.0123967140000032,0.00622430800000166,0.00724087200001031,0.0116387916000909,
0.0125839060000117,0.0120801300000066,0.0111939039999943,0.00396248200001355,0.0146764933999359,
0.0194616860000051,0.0167196280000089,0.00984684599998218,0.0187226300000111,0.00843561959992949,
0.0185399560000042,-0.00378319400001237,0.0133866880000051,0.01443938599999,0.0120257942000266,
0.0146034180000006,-0.000724452000007659,0.00648295000001235,0.00460123400000975,0.0132027774000409,
0.0138711379999977,0.0134878779999899,0.00260618400000567,0.0151005480000022,0.00973279459994228,
0.00673690200000146,0.00554622399998698,0.0130556780000015,0.0103872940000174,0.0125442721999374,
0.00970214399998986,0.000522997999991276,0.015806459999988,0.00597753999999986,0.010668199400037,
0.0112333339999977,0.00319731199999933,0.0159924119999941,0.0172582680000105,0.0116465842000696,
0.0115578240000032,0.00703870000000643,0.0184611719999866,0.0112243039999939,0.00867762360005509,
0.00244439800001328,0.00541037600000618,0.0188317519999864,0.00244439800001328,0.0129680349998685,
0.0133545880000092,0.0226369040000063,0.018147081999995,0.0116848700000191,0.00930313779994467,
0.0122189959999878,0.00493341800000871,0.00368385799999123,0.00834614599998713,0.00782191539996056,
0.00644038400000045,0.0119130219999797,0.00697170600001027,0.00967813200000637,0.01383595419993,
0.00494783599999846,0.0115085439999893,0.0013204620000015,0.00443882599998778,0.0104888582000924,
0.00543709000000945,0.00765688399998453,0.000240983999998207,0.001036919999985,0.00736912320000993,
0.00781707199999801,0.00596894400000565,0.00781707199999801,0.010802434000002,0.01788893280009,
0.0108471700000009,0.00658984400000645,0.014885648000004,0.00652731200000926,0.0117990953999899,
0.00655209999998988,0.00477737799999795,0.00552117999999973,0.0108042139999861,0.0123139540000411,
0.0134201800000064,-0.00478269400000318,0.00888174000000163,0.00951296400000683,0.00968603600009301,
0.00503108200001316,0.0154158759999964,0.00176613200000247,0.00695938199999455,0.00678418819998187,
0.0141257920000053,0.0109661659999929,0.00165540200000123,0.00750780199999554,0.0131884645999788,
0.00244494799998938,0.00493287200000214,0.0161282080000092,0.0136434060000092,0.0129848028000415,
0.0241183460000057,0.000436222000010275,0.0180062919999973,0.00138904600000387,0.0139688234000954,
0.00654799999999977,0.0150143239999998,-0.00435339999999542,0.018412581999989,0.0116904220000455,
-0.000366078000011839,0.00920376799999758,0.0210951339999774,0.00990522000000146,0.00965488119992151,
0.0172234700000063,0.00671220799998355,0.0200244559999883,0.0104156780000139,0.00986097380003776,
0.0115469079999903,0.0111115839999939,0.0107603480000089,0.00762281799998709,0.0119361770000054,
0.0122214340000046,0.0104858779999959,0.0104858779999959,0.00577320599999985,0.0166076427999193,
0.0169291860000039,-0.00120933999998851,0.000145270000006349,0.0233642780000027,0.00848803980003431,
0.00234860799999024,0.01375673799999,-0.00449998399999549,0.012767698000006,0.010301129800018,
0.0121973460000063,0.00459918200000084,0.0049595380000037,0.00873001000000659,0.0101050384000249,
0.0151378120000063,0.00556576799998675,0.0116411699999899,0.00845139800001653,0.0105408568000021,
0.0123348640000067,0.00936153600000307,0.0120486240000009,0.0170909900000106,0.0110576030001241,
0.00225859599998785,0.000248156000014205,0.00977831400001105,0.00490470400000595,0.0117540295999584,
0.0168022759999949,0.00263381200001641,0.0204096100000061,0.0122591799999955,0.0137488879999706,
0.0129265040000046,0.0101463899999917,0.00239074599999367,0.0117186179999935,0.005788450799969,
0.0100204559999966,0.00588145199999326,0.00705068000000483,0.00350044200000775,0.0108379833999941,
0.00967420400001083,0.00573803600000065,0.00221168600000146,0.0169978339999834,0.0120905462000614,
0.0088858740000087,-0.00474917199999254,0.0317851139999921,0.00948159599999599,0.0126299518000844,
0.00622177800000463,0.0248843499999884,0.00622177800000463,0.0152910859999956,0.0101196329999977,
0.00816052999999192,0.00755794600001445,0.0188321500000138,0.00990907599999809,0.0102547729998434,
0.0111155160000017,0.0102627780000093,0.00402999199999431,0.00475892000000658,0.0112871196000298,
0.00696932000000561,0.0127931759999974,0.00158084999998209,0.0217596059999896,0.0163386353999893,
0.00624666799999977,0.0150731080000087,0.0159640800000088,0.00368728600001214,0.00686173480011421,
7.28260000087175e-05,0.00344551600000614,0.00117462599998817,0.0128427739999897,0.0125321801998776,
0.00741041399999722,0.017920221999987,0.0073041719999901,0.00701967400000285,0.0118710622000493,
0.00376359399999637,0.0075319260000033,0.0213242020000034,0.00269929600000614,0.0101890534000093,
0.0105251680000038,0.0145176319999982,0.013274930000005,0.017434865999996,0.00987337659991463,
-0.00569554800001333,0.0086645360000166,-0.00355090999999538,0.00818015599999126,0.0127869727999023,
0.0033775820000119,0.0110713999999944,0.0055814420000188,0.0018262459999969,0.0132509525998779,
0.0103658519999944,-0.000510799999991832,0.00351936000001388,0.00257656000000952,0.00900298399987587,
0.00716093599998658,0.00243750599999839,0.0165941359999897,0.0165941359999897,0.00986386539996602,
0.0086726500000068,0.00962499599998773,0.00867432399998415,0.00822805799999696,0.0105481751999512,
0.00931358999999702,0.00445587599998544,0.00613317399999778,0.0250334119999961,0.0150193327999623,
0.00197443200000089,0.00572835600000963,0.0122338580000069,0.010382980000004,0.0109989602000154,
0.0218652460000012,0.0179600700000028,0.0146193500000054,0.00623713799998586,0.0124774881999852,
0.0163390719999943,0.0129209039999914,0.0204210660000035,0.0076954719999967,0.0130984042000171,
-0.00534635599999183,0.0109549639999923,0.0198408339999887,0.00746208800000022,0.00927954580012592,
0.0183766699999805,0.0235127380000031,0.00820239200000196,0.0237154080000046,0.0100637826000428,
0.0165835979999911,0.0103305600000022,0.0048518060000024,0.0161623239999908,0.0104967814000163,
0.0159606560000029,-0.00277143400001205,0.00645559400000002,0.0107485739999947,0.00597127379999874,
0.0225486779999956,0.00901911399999881,0.0138386860000173,0.000681771999999,0.0106873575998499,
0.0149302800000178,0.0138436539999966,0.00592227999998249,0.00249335800000335,0.00887275500015239,
0.0147107899999892,0.0124792799999886,0.0111536379999861,0.0132698700000083,0.0109172047999433,
0.001492202000004,0.00552269200000956,0.0202387780000008,0.00707552999998643,0.0117084667999916,
0.0125196480000059,0.00904945999999927,0.0114123360000067,0.00800305599999956,0.00887322640004349,
0.0104111860000012,9.0212000003703e-05,-0.000701016000014533,0.0156134420000071,0.0116583818000538,
0.0118165519999984,0.00850642000000607,0.0192890279999929,0.00711856999998872,0.0101414206000205,
0.0132826879999984,0.00961620200000561,0.0125879299999879,0.016197817999996,0.01381155819997,
0.0126393480000052,0.0184537419999997,0.00768043800000669,0.0239837819999966,0.0161704025999221,
0.0132160959999901,0.00589155199998549,0.00902587399999356,0.00814608400001362,0.00833447540014167,
0.0111338620000024,0.00290227200001755,0.0119016419999925,0.00454982799999652,0.0090932363999229,
0.00993683400000737,0.0128710379999975,0.0121150260000077,0.0232388180000071,0.0096519520000882,
0.00278101999999853,0.00676116599999568,0.0102984939999897,0.0147607039999884,0.00981660339999653,
0.0198877659999907,0.0165531539999874,0.0133012820000013,0.0134977299999991,0.0143721225998001,
0.0240361079999848,0.022655574000004,0.00865825600000608,0.00525879399999667,0.0110623223999355,
0.00561429400001271,0.00592060600000332,0.0121071419999962,0.0190514720000074,0.0146575558000375,
0.0147404639999904,0.0150809699999982,0.00845380599998225,0.0218875919999919,0.0101572181999036,
0.0181302439999981,0.0134204579999923,0.00972446599998966,0.0029937439999976,0.0167901687999583,
0.0172926719999941,0.00650219599998763,0.011284781999997,0.0186436300000078,0.011031016199958,
0.00819945999999618,-0.00198888799999713,0.00813034199999584,0.0150124440000081,0.0109516470000861,
0.00889977800000361,0.0064893820000043,0.00262364200000229,0.014150431999994,0.0100382791998913,
0.0192913619999917,0.00789496400000371,0.0133278540000119,0.00590873000000192,0.0110300284000048,
0.0142529060000052,0.0220428240000037,0.0131727960000026,0.0110699939999949,0.00776949320013664,
0.0139741499999936,0.00115626399998655,0.00909199399999488,0.0112642079999932,0.00932224540002207,
0.00217718400000012,0.0148728620000029,0.00210898600000837,0.0168555939999887,0.00974645199991501,
0.0140179600000147,0.00358579199998894,0.0194287860000077,0.00315360800000144,0.0126820744000717,
0.0158769280000115,0.005111910000016,0.00397707999999875,0.00331479799999397,0.00981001480006453,
0.006044181999996,0.00413470800001232,0.0138232899999894,0.0114944259999847,0.0083202717999593,
0.0147611399999942,0.00570081199998913,0.00899556800000755,0.0247547380000042,0.0119154792001194,
0.0022066719999948,0.0290452459999869,0.0212312720000091,0.0239211220000161,0.0120730552002839,
0.0124659720000072,0.0240831920000101,0.0224166359999963,0.0182996659999853,0.00992556880000629,
0.0246467780000012,-0.00345532200000343,0.00565711800000554,0.00783782400001292,0.0115649855999196,
0.0138056399999969,0.0309329639999996,0.00940116200001194,0.0193136619999905,0.0102497247998697,
0.0254373959999994,0.00507365400001891,0.0118444859999936,0.023161180000001,0.0114254674000709,
0.00826607399998738,0.0180157640000016,0.00941760399999384,0.0142356900000004,0.0116962694001384,
0.00685864600000241,0.0121293260000011,0.0110016179999884,0.0176639419999938,0.013244803400043,
0.0109579020000047,0.0196380719999934,0.00568308400000114,0.0114960660000152,0.00550871059993951,
-0.00191688600000452,0.0107527420000015,0.0134717279999841,0.00622642399999677,0.0113998303999928,
0.00433008200000222,0.0110732940000053,0.0158990500000009,0.0102128559999992,0.00611564480000525,
0.0159916719999974,0.0197794960000056,0.0222664960000066,0.0145405520000131,0.0103828297998603,
0.0125191979999981,0.0129494640000003,0.00785151000000042,0.00839382400001068,0.00907609539995174,
0.00644954800000596,0.000423976000010953,0.0115565740000002,0.0104804660000109,0.0110808230000381,
0.0188894440000086,0.0159974360000006,0.0118524740000112,0.00555816000000959,0.00937420439991765,
0.00608210999999028,0.00788810200001262,0.0110765800000117,0.0129756420000176,0.00891610640000145,
0.0282904199999857,0.0133669960000034,0.014402549999998,0.0118685340000029,0.016505613599933,
0.00548354799999652,0.00983565599999929,0.0237127239999982,0.00633529799999815,0.00984800120005384,
0.00832831799999622,0.0154182980000005,0.0212833320000036,0.0137858420000075,0.00965043920001262,
0.0147246779999959,0.0134676459999982,0.00444607399999313,0.0147246779999959,0.00860764419981206,
0.00583329999999842,0.012424560000004,0.0152227400000002,0.014685563999994,0.00758651280016275,
0.00530843799999911,0.00029684399999951,0.0126849959999927,0.0104731640000055,0.00809143220011683,
-0.00260072399999262,0.0261984380000013,0.0227041720000052,0.0114654040000005,0.00802831520004838,
0.00614863000000514,-0.00279554199999529,0.012429684000007,0.0056745899999969,0.0130939093999586,
0.0079741199999944,0.00125274600000466,0.0144768799999902,-0.00164455799999178,0.0131853753998985,
0.0106485320000174,0.00520597400000861,0.0174265400000031,0.00796525399998245,0.0132991772000372,
0.0188592899999967,0.00900179199999457,0.00638099000000329,0.0139131119999874,0.00945974420009443,
0.0218664719999933,0.00996916199999305,0.00280724999999347,0.00140107000000717,0.0129033356000677,
0.0163037420000092,0.00634964999999829,0.0135901480000066,0.00783818799999517,0.0125618918000568,
0.00261700999999903,0.00740219800000614,0.00150386600000184,0.00379064400000698,0.00883267859989574,
0.00336241800000334,0.0243319440000087,0.0102795679999999,0.0148299779999934,0.0111945549998687,
0.0106843620000009,0.0113757040000028,0.0134377140000133,0.00751150399999915,0.00888780500000939,
0.0179386660000137,0.00702641000001677,0.0359924439999977,0.0046895400000094,0.0135373554000187,
0.0202353200000143,0.00874157000001014,0.0133143759999875,0.00589116399998966,0.00718200679990041,
-0.00187098400000559,0.00346870599999602,0.00622688600001038,0.00669032199999401,0.0101431884000798,
0.00960670400000345,0.00600663999999233,0.00619846399999187,0.000103946000005635,0.0104567010000246,
0.0174756279999965,0.0117973840000141,0.00905381000000125,0.00327818599999136,0.00729527720001497,
0.0112015360000069,0.0238766199999964,0.012297284000013,-0.00201130799999009,0.0111667139999314,
0.00496917399999256,0.019416839999998,0.00569926999999188,0.00776949000001332,0.00522726000000694,
0.0268209280000046,0.0115188320000161,0.0114269159999922,0.00922696400000586,0.0115768254000322,
0.00967631199999232,0.0134478039999849,0.0171804480000119,0.0127167379999892,0.0101525189999949,
0.0114939120000026,-0.00215774999999758,0.0288535179999817,0.0244127399999988,0.0109741808000894,
-0.000547342000018034,0.0168967199999861,0.00150880800000232,0.00150880800000232,0.0112098259999024,
0.012555488,0.0120735039999881,0.0224101240000018,0.0240761780000021,0.0139580381999571,
0.00635444000000643,0.0132185119999831,0.00226686600001267,0.0184205299999985,0.0118747146001384,
0.00314046199999393,0.0181838719999978,0.0152969819999998,0.010427606000012,0.0100342269999906,
0.0237138540000033,0.0137107720000131,0.0142700200000045,0.0111195360000065,0.0111471888000102,
0.00684905999997954,0.0121522399999976,0.006795586000002,0.00977876599999399,0.00880583660002885,
0.00759218999999939,-0.00291228000000137,0.00678361399998721,0.0128943600000021,0.0126403767999363,
0.0118756820000117,0.00666038399999161,0.00909848999998303,0.0161963359999909,0.0108511434000982,
0.0108365099999983,0.018084002000006,-0.00524038399998699,0.0221899100000091,0.0115168207999719,
0.0111847840000055,0.0128581199999826,0.0155755419999978,0.0110356320000046,0.0102707342000125,
0.0169141019999988,0.00822734600000513,0.00817628600001717,0.0134316199999967,0.01132991860006,
-0.000285851999999977,0.00851618600001166,0.0187537620000003,0.010141334000009,0.0164137313999679,
0.0155766699999822,0.00373650800000178,1.61599999901227e-05,0.00924472200000218,0.0151804927998179,
0.0113128559999996,0.0115164120000118,0.0114351900000102,0.0135852159999986,0.0120282073998424,
0.0123690120000028,0.010115744000007,0.0128268100000032,0.0131459359999981,0.0121303422000907,
0.00156648999998924,-0.00208096799999566,0.0127363479999858,0.012303203999988,0.00781626940000861,
0.00866894999998658,0.0210518140000077,0.0112428040000032,0.0139090040000001,0.0124494125999947,
-0.00767278599999827,0.0147082119999959,0.0106522320000122,0.0197387659999904,0.00901931059991257,
0.00554157199998826,0.0205737499999941,0.0142832239999925,0.0119924019999908,0.0101623033999334,
0.00887851200000205,0.00415433199999825,0.00838903799999844,0.0156344419999987,0.013285809999831,
0.00993606600000658,0.0157700019999957,0.0107485100000176,0.0110584679999965,0.0109872534000431,
0.0181970800000054,0.0200988739999839,0.0120749520000136,0.0153241420000049,0.0109296882000643,
0.00466360599999734,0.00918360199999188,-0.00138930800000981,0.014422900000005,0.0102434622001805,
0.00513671599999543,0.0115217620000039,0.00517300000000614,0.00972928000000411,0.0108559793999011,
-0.00127782400000888,0.0174294439999994,5.86560000065219e-05,0.0171521960000036,0.0129391455999983,
0.00321435000001111,0.0201114060000164,0.00974786000000222,0.0154401199999938,0.0120025348000345,
-0.00136953400000039,0.0124818819999864,0.0159524600000004,0.0116698800000058,0.0119229710000065,
0.00557030599998325,0.00462936000000536,0.0135290980000045,0.0157057680000044,0.0119365720000016,
0.0172346139999945,0.00571442399999978,0.0172794479999893,0.0114341559999966,0.00732774279986552,
0.0145325499999999,0.00872247800000878,0.0054848820000052,0.0054848820000052,0.0058199230000755,
0.00880539200000112,0.00880511200001365,0.0103623619999971,0.0148016300000072,0.00946151159994042,
0.00222866399999202,0.00713810999999987,0.0145512900000103,0.0157728660000002,0.00818426440006369,
0.00899329400000079,0.00752903799999513,0.00679802399999971,-0.00267007799999647,0.0119126385999727,
0.0139747180000022,0.00420900800000618,0.0021121119999998,0.0170845879999943,0.0134546940000728,
0.0143894720000017,0.0134247539999924,0.00533651399999326,-0.00068100799999138,0.0121896377999037,
0.00220046000000275,0.0155706859999937,-0.00606744799999797,0.0140492939999885,0.00825360600003551,
0.0210063719999989,0.0263298119999909,0.00874421799999163,0.0150211640000043,0.0122818151999876,
0.00135845400000562,0.0113576539999985,0.0128660139999929,0.0196684879999866,0.00871776340012802,
0.0151893940000045,0.00795353200000318,-0.000243381999987832,0.00546082999998271,0.0145115295998759,
0.0132046819999969,0.00318925400000171,0.0120197039999975,0.00874557400000049,0.0110759009999318,
0.0119823859999824,0.00171195200000147,0.0168047140000035,0.0133127299999978,0.0127217128000208,
0.00370776599999044,0.00573415599999407,0.011222788,0.0117574520000107,0.0102036539998888,
0.0210890960000033,0.00788398200000665,0.0107044380000052,0.00831782799998746,0.00913846319993754,
0.0219721860000127,0.00322628199999872,0.00516824400000223,0.0008464719999929,0.0121265105999722,
0.00121362800000315,0.0222956920000161,0.00323280400000112,0.0184957959999865,0.0107687234000827,
0.013592512000002,0.0113037160000031,0.00869100600000183,0.00875959599999442,0.0100718866000811,
0.0116316459999944,0.0149687720000102,0.00868860800002403,0.0279569000000056,0.0120949142000376,
0.012029397999996,0.00373494400000618,0.00180931399999736,0.0154601200000179,0.0124084219998804,
-0.00248077199998897,0.00481872199999452,0.0140169679999926,0.00766607599999952,0.00629135279988841,
0.0133291880000052,0.00623084999999901,0.00439689800001543,0.0169048279999879,0.00948249379994159,
0.0168988660000032,0.0204515200000033,0.00629034000000047,-0.00140889199999037,0.011517407599889,
0.0197477600000002,0.00459454000001369,0.0205530019999942,0.02211366799999,0.0163013684000944,
0.0152927880000034,0.0301971439999925,0.00686104600000181,0.00955991599999379,0.0115879818000838,
0.0253183220000055,0.0039133559999982,0.0164181459999954,0.00776349800000025,0.00971338080002533,
-0.000406324000004133,0.017528484000004,0.0226637379999893,0.0200297080000173,0.0141357704000126,
0.0118726359999937,0.012023898000004,0.00556197799998608,-9.40660000042044e-05,0.014734731200042,
0.0114829299999874,0.00920070799998939,-0.00345091800000046,0.000715068000006795,0.0108806809999667,
0.0232020239999929,0.0111709099999953,0.00978212199999962,0.00445408799999223,0.0129248478000627,
0.0145574159999933,0.0112748259999789,0.0152690019999973,0.00934826999999132,0.00936188080000429,
-0.00534102799998709,0.0189683359999926,0.0207055000000119,0.0137786640000095,0.0124543883999053,
0.00647290000000339,0.00927575000001434,0.00711555800000042,-0.00119857800000227,0.00784818759995033,
0.00690095599999404,0.0140395840000047,0.0129221739999975,0.011375267999977,0.00830829459994784,
0.0102287380000053,0.0138871439999975,0.0130347199999887,0.00887754199999017,0.0113621230000506,
0.0268394180000114,0.00851650599998357,0.0063557320000009,0.0135210200000147,0.0103913732000176,
0.00449458999999842,0.0197795940000078,0.00632808000000568,0.00934102199999688,0.00921238780008134,
0.0104569999999803,0.0117996219999977,0.0213058599999968,0.0103465040000019,0.00789261420006442,
0.00678324600000815,0.028760914000005,0.00906423999999606,0.0113188039999886,0.00698199160001241,
-0.000704789999996137,0.00561661800000365,0.00836652000000777,0.000723915999993551,0.0135684907999515,
0.00441128199999093,0.00866502999999102,0.000468568000001142,0.0124272939999846,0.010218186799981,
0.00522764200000893,0.00616715599999861,0.0105520939999997,0.000828047999984847,0.0112479937999356,
0.0147647680000091,0.00269722399999955,0.00484968400000616,0.00567880999999488,0.00920743320000984,
0.00920133200000237,0.00917453199999545,0.0181499040000072,0.0166005259999993,0.0101251506000175,
0.0122262880000035,0.0157362860000094,0.00619359000002442,0.00721610599999713,0.00920108539997164,
0.00493260399997871,0.0157160419999891,0.0094511039999843,0.0136675339999892,0.0107346536001809,
0.00789389999999912,0.0276600240000107,0.0117264079999868,0.0181319799999983,0.0150317453999109,
0.00403567799999837,0.016471657999994,0.0141208339999921,0.00779198000000906,0.0133745217999196,
0.011417575999998,0.0149888840000076,0.00499706399999832,0.0016742699999968,0.0100340115999265,
0.0171597520000087,0.0150562940000036,0.0108846220000078,0.0153642200000013,0.00960840519999474,
0.0087758199999962,0.00079895800000395,0.00890003999999863,0.00801382400000511,0.00930143499997139,
-0.00737336399999549,0.0150355619999955,-0.00206035600001087,0.0226956819999905,0.0113570342000952,
0.0120122880000108,0.00976071000000229,0.00770466200000465,0.00270949799999562,0.0116625148000523,
0.00809674400000131,0.0135884140000062,0.0145974680000027,0.0169318900000144,0.00544264960001747,
0.0026991220000009,0.000883102000009785,0.0098695880000032,0.00812438400000883,0.0114425790000285,
0.0175581019999972,0.000839598000003207,0.0158976180000082,0.0219616220000171,0.0163553334001233,
0.0227156200000018,0.00994289199999275,0.00769739000001846,0.0108883859999978,0.013125597800011,
0.0140348160000112,0.00802810000000136,0.0100374220000149,0.014459752000007,0.0133396143998885,
0.00741351400001076,0.00847101600000133,0.0158218760000209,0.00600065400000676,0.00988676080000223,
0.00626562000000104,0.00412066400000822,0.00702498599999581,0.00169741800001066,0.0120233368000438,
0.00950390599999901,0.000873482000006334,0.0123135279999979,0.0101032679999989,0.0149401718000569,
0.0184253080000062,-0.00229309800000101,0.015152251999999,0.0184253080000062,0.0134483321999673,
0.00633172199999626,0.0126611160000057,0.00998249599998962,0.0167276999999967,0.0110005389999933,
0.00670680599999832,-0.000462037999993299,0.00395786999999109,0.0167579859999842,0.00999040999990102,
0.00997328999998717,0.00907162599999265,0.00712631200001215,0.000593730000004143,0.0102814330000285,
0.0131986479999869,0.0164736959999846,0.0107775319999846,0.00872468799998933,0.010699124199916,
-0.00172739200000979,0.00784686800000873,0.0140596359999936,-0.00206707200001074,0.011338713599951,
0.0179056520000113,0.0110547759999854,0.0167310880000005,0.0136171899999872,0.0113100992001062,
0.00599901600000976,0.0252775000000056,0.0170910259999855,0.0124395379999942,0.0121156966001065,
0.00979386000000522,0.00708000600000651,0.0119243960000122,-0.000407311999982994,0.0097693216001011,
0.014133805999998,0.00796835400000873,0.0147061580000045,0.0162114680000113,0.0144389850000662,
0.011272434000005,0.0113548200000005,0.00754972799999905,0.00590723800000251,0.012980976000076,
0.0118252919999914,0.0213186100000021,0.0119795480000148,0.00520841000000382,0.0124475053997834,
0.00474718399999529,0.0173407139999881,0.0247141920000004,0.00604960999999275,0.00952679380000336,
0.0107604119999996,0.00277208999998038,0.0116155539999872,0.00335255199999028,0.00957910879997508,
0.0106641540000064,0.0134910459999892,0.00434281599999758,0.0109464719999987,0.00958596820006351,
0.00891461199998685,0.0114125660000045,0.0245825640000048,0.00874530999999752,0.0110924105998864,
0.0241998919999987,-0.00587482199999249,0.00687854200000856,0.0143315840000068,0.0130927880001327,
0.0133623859999961,0.0116123800000096,0.0034188740000136,0.01374837199998,0.0089403876000295,
0.00491426400000182,0.0108851580000028,0.0127454900000002,0.00346070800000143,0.00699467239998194,
0.0100433659999862,0.0141023580000001,0.0100848559999995,0.0176659279999867,0.011750550799998,
0.00565121000000454,0.0141542619999955,0.0144242799999984,0.00280314999999882,0.0134357437999774,
0.0179165120000034,0.0210358219999898,-0.00300577999998859,0.00988884600000074,0.0135238007999593,
0.0231090680000143,0.0115662760000032,0.0066610840000003,0.0205790779999943,0.0127218959999358,
0.00879558399998859,0.0123785480000097,0.0129513859999997,0.00968204599999626,0.00842391759997263,
0.000900885999988532,0.012944454000004,0.0053366560000004,-0.00134817400000975,0.0121095198000985,
0.00426741199999924,0.00854254399999445,0.0114095740000103,0.0170670100000043,0.0112563991998759,
0.0127871579999983,0.0118033439999917,0.00835570799999459,0.0178757779999905,0.00983142699998643,
0.002634602000001,0.000928195999999843,0.0182363320000168,0.00487828600000921,0.0105249112000238,
0.0146106719999871,0.0196472559999984,0.0209707000000026,0.00230418600000303,0.00913635179990742,
0.0195474219999996,0.00583573399999932,0.00802266800000689,0.00851377400001093,0.0131575392000545,
0.0084142219999967,0.0112883160000056,0.00534186399999817,0.020290026000017,0.0129867670000014,
0.0148128220000053,0.0105413240000089,0.0176100500000002,0.0176100500000002,0.0103652793999194,
0.00849314200000572,0.026078264000007,0.028902071999999,0.0141581200000055,0.0106845731999798,
0.00766899599999215,0.00424657600000046,0.00495180399999663,0.00593558799998755,0.0110976220000251,
0.016772084000012,0.00349908600000526,0.0178181919999952,-0.00229610400000092,0.0085837123998579,
0.0167203080000054,0.0160388060000005,0.0114407420000098,0.0040261780000119,0.00839324040011998,
0.00398408799999561,0.016919289999978,0.0170616879999916,0.000197445999991032,0.0113859990000419,
0.00919013000000541,-0.00890058799998951,0.0182239279999931,0.00373077400000875,0.0143074990000307,
0.0148049239999909,0.00892683800002123,0.00851690799998505,0.00575593400000162,0.00870010459987461,
0.00665650000000733,0.00823452800000632,0.00532001200000923,0.00823452800000632,0.00901460780005509,
0.00496065600000293,0.0170037980000061,0.00496065600000293,0.00733776599997964,0.00979224759999197,
0.0117041659999995,0.000968543999983012,0.0109709299999904,0.0236706520000062,0.0138270096001303,
0.019886583999998,0.0133531579999899,0.0103146999999972,0.000136846000005789,0.0115867028000321,
0.0141052380000019,0.00852445799999805,0.00302674599999318,0.0135930539999908,0.00949909700005592,
0.0160028639999973,0.0155012200000019,0.0178732180000025,0.0139380439999968,0.0161931723999289,
0.0135140639999991,0.0100088739999983,0.0112774380000028,0.0190220780000009,0.0122461813999682,
0.0148055280000117,0.0139709379999995,0.00841841399999885,0.00411841800001457,0.0120830864000513,
0.0150474219999996,0.0149093879999882,-0.000308021999989251,0.00289857999999913,0.0102869801999143,
0.0149570119999989,0.0243351700000067,0.0188798480000041,0.00696443400000135,0.0152797908000379,
0.0173149400000148,0.0120424479999911,0.0218954520000088,0.0166666620000042,0.00929891419999622,
0.0184767719999954,0.00729273599998578,0.0152433939999892,0.0073518600000034,0.0120719386000885,
0.00068511400000807,0.0142183119999827,0.0211989979999817,0.0169477059999972,0.0074390643999599,
0.0261307939999988,0.0237196739999881,0.00380385400000523,0.0150830060000053,0.00902807139981524,
0.00211800600000424,0.0150665540000055,0.027691624000001,0.0204136920000119,0.00977517760002957,
0.00274629200000709,0.0145495660000024,0.0184210859999794,0.0157047600000096,0.00696642819988774,
-0.00571089200000006,0.0295547580000111,0.0140524639999976,0.0198914360000026,0.0115683269999281,
0.00471652399998948,0.0151393240000016,0.0229722559999873,0.00036113999999543,0.00758745460003265,
0.0045057439999955,0.0214723599999998,0.0247640680000059,0.00401826800001345,0.0113528426000077,
0.00856498199998896,0.0187555179999963,0.0187555179999963,0.00758595599999717,0.0122094541999948,
0.0115095640000109,0.0304488839999894,0.00946721799998613,0.0100994320000036,0.015302432799901,
0.0107449640000077,0.00578076000000328,0.00703261200000816,0.0033988079999981,0.00961762300015835,
0.0117430879999874,0.0131609159999989,0.0158069400000049,0.0117430879999874,0.010616732999892,
0.0132280900000133,0.0157959580000042,0.00873757800001658,0.00885291000000143,0.0105773249999154,
0.00877473200001077,0.0144714020000119,0.0241910739999976,0.0167104940000036,0.0100075358000235,
0.030445186000009,0.0101715279999971,0.0084141439999994,-2.30680000086068e-05,0.00662961959998283,
0.00864832199999273,0.00257214599999679,0.0081775640000069,-0.000240443999983654,0.0113232121999106,
0.016242375999981,0.0120253399999938,0.0086829979999884,-0.000279533999996602,0.00906154180005033,
0.00698885199998494,0.00811227400000098,0.019733214000019,0.0102659019999937,0.00835568240007487,
0.0184919859999864,0.0175009939999854,0.0117142540000032,0.0177300559999903,0.0127006349999538,
0.0163080660000142,0.0249487840000029,0.00247157000001243,0.0154427020000139,0.00786854719992552,
-0.00850215799999751,0.0100497899999982,0.000835294000005888,0.0185157119999831,0.00778341619992934,
0.0151396600000044,0.00622200599999724,0.0158145040000036,0.0125650159999832,0.00918943620001228,
0.00562154000001738,0.00406356400001459,0.00121543800000109,0.0125610359999982,0.0116287327999918,
0.00854053600000316,0.0112121599999928,0.00378394199998911,0.0125792860000056,0.0132789408000208,
0.00956011200000012,0.0213718279999957,0.0157688139999891,0.0132457000000022,0.00771370439987659,
0.012763186000011,0.016709923999998,0.00554385999998976,0.0151007359999912,0.00947070339999627,
-0.00136777000001894,0.0121160600000067,0.0144940979999883,0.0078866680000101,0.00950176720010495,
0.00800428200000624,0.0156674240000166,0.0116390719999981,0.0120402360000026,0.00861996179995695,
0.028833683999992,0.0162484620000041,0.0161495060000061,0.00784101600001486,0.0100006100000392,
-0.00033172800000284,0.0190340500000029,0.00476603000000432,0.00839521199999126,0.011382323200025,
0.0158268300000009,0.0142102800000057,0.00134791999999925,0.0195014460000084,0.0152041769999909,
0.00998436400000264,0.0201632980000004,0.00838605000000825,0.0141497500000014,0.00747945660006153,
0.0100794320000014,0.00482521599999654,0.0176074379999873,0.0110506419999974,0.00693395779998827,
0.0144256559999976,0.0117938100000092,0.0123621559999829,0.00641679999998087,0.00979718219991628,
0.0169021079999902,0.0168979240000026,0.00580239199999687,0.0307028799999871,0.0107456480000772,
0.0171983040000086,0.00804644399999324,0.0224506700000256,0.0214552559999893,0.0119218913999743,
0.00867333399999734,0.015330434000005,0.0126120339999779,0.0188326160000051,0.0100038807999896,
0.0183659059999964,0.0167879440000061,0.0166788019999976,0.000981531999987965,0.0129975384001067,
-0.0047136219999993,0.0031133199999922,0.0136253180000085,0.00980015800000183,0.0114137208000946,
0.0151862159999873,0.00105436600000667,0.013009457999995,0.00888998600000377,0.00866066539989552,
0.0320551199999982,0.0166578219999965,0.0208291759999956,0.0155986299999813,0.0101893795998745,
0.0114807800000017,0.0121360559999921,0.00866311599999608,0.010954944000001,0.00719426779991481,
0.0180563900000125,0.0157712220000094,-0.00184097800000563,0.00591490999999405,0.0102107568000814,
0.00772749199999271,0.012906892,-0.000187329999993381,0.00616248599998653,0.0102275078000333,
0.0121461359999994,0.000589124000000083,0.00599974999999449,0.00772009800000251,0.0114104654000803,
0.0181996439999975,0.020351175999991,0.015647315999996,0.0104428739999939,0.00765029900001173,
0.00977453399999195,0.00668426400000044,0.0120304759999926,0.012305210000005,0.0108431743999528,
0.00624498399999447,-0.000233341999992263,0.0120914699999939,0.0119159480000126,0.0110718421999751,
0.00323826000000008,0.0150458979999794,0.0180483379999969,0.00618701400001464,0.0131503230001181,
0.0210910719999893,0.0229632719999918,0.00695688200000404,0.00863980800000172,0.00696498980005126,
0.00492993600000045,0.00850061399999686,0.00688773800000945,0.0118902499999976,0.0119167853999657,
0.00370772199999647,0.0237901620000057,0.00860757200002263,0.0120142740000074,0.0124789273999784,
0.00462972400001127,0.00170903199999248,0.0222652980000039,0.00462972400001127,0.0124011855998899,
0.0122403299999996,0.0152160780000067,0.00210346999999729,0.0261780279999948,0.0124622666001153,
0.0169225399999805,0.0153258619999961,0.0172533819999917,0.00735771799999839,0.00733328919991618,
0.0173103180000007,0.0179829619999946,0.00588771599998836,0.0100088360000091,0.0109510066000512,
0.00509771000000364,0.00632881400000588,0.0186691379999884,-0.00204963600001702,0.0123563806000187,
0.0245528360000026,0.0188515800000023,0.00803193199998987,0.0196078440000083,0.0133776237999416,
0.0136332919999977,0.0240356379999994,0.0131084080000046,0.0228713679999928,0.0114611575999603,
0.015902655999992,0.00697125199999846,0.0141397719999986,0.0213922980000125,0.0120925178000682,
0.00513376599998628,0.010392480000005,0.0150473640000055,0.00789905800000815,0.00866958639988661,
0.0200473840000059,0.00842863399998805,0.0160680680000069,0.0104337540000006,0.0105042098000042,
0.0144173139999903,0.0144496979999967,0.00885077599999113,0.00383635799999502,0.00767562880002442,
0.0102234120000057,0.0112008319999895,0.00260106999999152,0.00639440799999738,0.010575852000116,
0.0203285020000094,0.00536348400000497,0.0179011940000055,0.00878959200000008,0.00994098779993874,
0.0145377279999984,0.0114329500000031,0.00353935399999955,0.0131839260000079,0.0101773925999842,
0.000622608000013315,0.0169762379999966,0.00617614200001026,0.00195514000000094,0.0117260825999794,
0.00706629399998747,0.0138119199999992,0.000591718000020592,0.0218938340000013,0.0118852509999349,
0.0067252860000026,0.00942588200000046,0.0122391079999934,0.0200721399999975,0.0123813557999965,
0.00421791799999664,0.0175030340000039,0.00536233799998718,-0.00161495800000193,0.00936626340007424,
0.014708905999998,0.00591986599999382,0.0113285299999907,0.00778166600000168,0.0101208431999854,
0.00448165400000016,0.00445643600000949,0.0197675559999916,0.001196108000001,0.011103597199978,
0.0100947219999916,0.022045025999997,0.0155553859999955,0.00486798199997975,0.0122262196000956,
0.00251146999998036,-0.0042028739999987,-0.00235000399999171,0.0133618339999957,0.0115382099999813,
0.0092248079999863,1.86819999953514e-05,0.0138253559999866,-0.000992567999987841,0.00733522999995694,
0.00301528399998824,-0.000780192000011994,0.00427417199999945,0.0187289360000068,0.0113830257998947,
0.0130780759999961,0.00855801999999767,0.00910177599999679,0.0172363559999885,0.0083386355999668,
0.0122148039999902,0.0128844580000077,0.0100189919999912,0.00883926999999585,0.00952611239997932,
0.0142750239999887,0.012784119999993,0.00413184800001181,0.013562175999994,0.0106753542001541,
0.0288569059999918,0.0131770340000021,-0.00144261800001186,-0.00199978200000896,0.0138328185999475,
0.0101811699999971,0.00704511199999615,0.0127353339999891,0.00652951399999529,0.00909478760010534,
0.0111693780000023,-0.000286111999999775,0.00387835799999266,0.0100188779999862,0.00781894160003139,
0.012303955999997,0.00617647600000146,0.00219290000001274,0.00805030199999055,0.00754832019994574,
0.00636424600000464,0.0123323240000009,0.00317491400000017,0.00300427400001081,0.00845282360004203,
0.00161709800000608,0.0117816719999992,0.00201688400000057,0.0114302500000113,0.00956678959993733,
0.0135719760000047,0.0151041219999879,0.00902339599999868,-0.000394108000003143,0.0106916900000964,
0.0146150939999925,0.00188280599998689,0.0114051379999983,0.0122594060000138,0.0116190690000629,
-0.000713997999991079,0.0102670999999928,0.015879385999996,0.015763317999993,0.0138429381998874,
0.00976535399999739,0.00449533200000678,0.0115297680000003,0.00835813600000893,0.00712215599989431,
0.0282265379999953,0.0110004680000065,0.00823538400001053,0.00728868399999374,0.00871916639995979,
0.024764388000016,0.0053629660000006,0.0111088940000018,-4.92579999990994e-05,0.0114040596001236,
0.010617250000003,0.00509150199999112,0.0132647839999991,0.0111980920000033,0.0063431029999243,
0.00829573000000164,0.0037291940000041,0.0102218219999904,0.0134516099999964,0.0109030146001271,
0.0145345999999945,0.000831340000007003,0.00107944399998996,0.002946112000006,0.0129844531999632,
0.00343037400000412,0.0129219260000045,0.00670693199999732,0.00343037400000412,0.00977614039980908,
0.00520927000001302,0.0231086079999841,0.0102259979999972,0.0128475219999837,0.00698535719996144,
0.0218076419999888,0.0136400239999884,0.0191619660000042,0.019629916000009,0.0131863857999444,
0.00786398599999302,0.0147287799999885,0.0148082440000053,0.036091499999985,0.0115365705999808,
-0.00130910599999152,0.0111329179999857,0.0081264459999984,0.0221534099999926,0.0104999926001052,
0.00593251799999689,0.00974429600000531,0.00946448799999962,0.00713215199999377,0.00695548579999377,
0.00535419800000363,0.00103539599999112,0.0161911639999962,0.00191484800000035,0.0138519637998783,
0.013616304000001,0.0131050420000029,0.00952900199999567,0.0260356900000006,0.0125592450000433,
0.0155869320000029,0.0212158260000024,0.0056092239999889,0.0322527460000119,0.014468022800031,
0.016956953999992,0.0151486459999978,0.00941313200000968,0.0177809760000146,0.0100689533998571,
0.0117404899999965,0.0074624440000116,-0.000694862000002104,0.0102165259999938,0.0117018079998779,
0.00950111799999377,0.00837832600001184,0.0112436819999975,0.0146229360000079,0.0110302225999651,
0.00782653400000072,0.00103587200000493,0.00931755800000337,0.0131103360000088,0.0110681100000897,
0.00713321799998175,0.0103254720000041,-0.00281217400000332,0.0123217519999989,0.0108399139999769,
-0.00169173599999976,0.0052925699999987,0.00795603200000187,0.0262267139999885,0.0113273737999458,
0.0109955240000081,0.0184950399999998,0.0205145580000008,-0.000411419999999453,0.0115459342000031,
0.0135014280000087,0.00675383000001329,0.0145848040000028,0.0145940259999979,0.0105871425999096,
0.00703303199999027,0.0175725880000018,0.0192083719999973,0.0056414900000018,0.00754506219990362,
0.0174802739999914,0.00029251999999542,0.00885212799999499,0.00498631600000681,0.00962234660001777,
0.0128647159999991,0.0123791139999958,0.0187314079999978,0.0140321640000002,0.0114878385999174,
0.0221042260000122,0.0146129200000041,0.0120533280000118,0.00793018599998686,0.010530199399923,
0.00957747400000881,0.00610147600000801,0.00456510799999523,0.0145901599999861,0.0117781600000417,
0.00386664800000654,0.0112875839999897,0.0161763019999944,0.00132618399999592,0.00708555079984144,
0.0125189300000002,0.0144902540000003,-0.00484252400000332,0.00931013199999415,0.0121776042000864,
0.0126643279999962,0.0170470460000133,0.00783083000000806,0.0046520840000012,0.00911518940004753,
0.00524061599999004,0.0128759759999903,0.0185253879999927,0.0103379640000139,0.0138139693999685,
0.00457508999999936,0.00701698200000556,0.0174917560000031,0.00871154399999796,0.0119756610000586,
0.0282288719999906,0.0102641940000012,0.0107030079999986,0.0195297420000034,0.0073697728000072,
0.0143548120000014,0.00418293599999924,0.0016652659999927,0.0137521380000117,0.0125487049999894,
0.00460679999998229,0.0150122760000013,0.0134126519999918,0.0135293560000046,0.0128209780000092,
0.00765925199999674,0.0179162360000082,0.00646085799998855,0.00341812999999638,0.00904780460002003,
0.0207051760000131,0.00339339399999153,-0.00270243600000413,0.0128144099999936,0.0121231695999049,
0.012454377999994,0.0142481980000002,0.0344595439999985,0.0137530920000008,0.0139505250001268,
0.0187426159999932,0.0116279300000051,0.00158460399999331,0.0084349819999843,0.0140476034000523,
0.00490887400000338,0.00225008800000251,0.0104823119999937,0.00738321800000449,0.00884994639997676,
0.00708704199999283,0.0115910659999972,0.00346102400000655,0.0149448219999958,0.0122797726000143,
0.0193216540000185,0.00514442200000758,0.0143071960000043,0.00880343999998877,0.0101842024000201,
0.015172873999999,0.0127473519999849,-0.00235138200000256,0.0284088339999817,0.0138230742000516,
0.00877354599999217,0.0139370319999889,0.0117211899999993,0.0159733159999923,0.0111402097998965,
0.0101245739999977,0.0116803840000102,-0.00309865599999921,0.0101245739999977,0.00852780380007025,
0.000438744000006409,0.015640903999999,0.00567513199997484,-0.00340041400001155,0.0115523824000244,
0.00896955799999887,0.00339730999999028,0.0119967719999877,0.0144296000000131,0.0122251281999976,
0.0103442460000078,0.00775498200001312,0.00793648399998438,0.00555888399998457,0.00955874659996553,
0.0127138479999967,0.0166934619999975,0.0105370619999858,0.00599361799999406,0.0113689209998352,
0.00725261399999272,0.010201442000005,0.00129641799999899,0.000286679999993794,0.0129331008000874,
0.0210996299999952,0.00588944800001082,0.0180472239999963,0.0045643399999999,0.00886490119993468,
0.00807923200000005,0.00368581400001312,0.00763903600001504,0.00776489600000241,0.00839561179984303,
0.0176025979999968,0.00381411799999751,0.0139295079999874,0.0157357679999977,0.0129176508000033,
0.026432917999995,-0.000957844000000477,-0.000789232000002812,0.0147844419999901,0.0133260819999959,
0.0255944919999811,0.00864435200002026,0.0035606859999989,0.00209761799998887,0.0114677205998938,
0.0224841120000101,0.00591512000000239,0.0208095380000104,0.0258253300000106,0.00950148899998967,
0.0105233920000037,-0.00499404799998683,0.00111841200000163,0.0167508439999992,0.013112322000014,
0.00465596199999163,-0.00180236999998669,0.00262908200000038,0.000430845999999292,0.0161998535999344,
0.00263535600000432,0.0187212159999935,0.0165892359999989,0.00758810000000904,0.0118555287999705,
0.0130576339999961,0.0209104099999986,0.0147804760000035,0.0124797059999964,0.0126608923999302,
0.0214632920000022,0.0100287520000029,0.0248876640000035,0.012566601999999,0.0146091189999803,
0.00899149799999668,0.0102342400000098,0.00924401200000011,0.0186563760000035,0.0143283796000163,
0.0171599879999922,0.0129443800000054,0.0208051899999891,0.019504854000008,0.0100828935999976,
0.015002001999992,0.0116353400000016,0.00480928999999105,0.00968328999999721,0.00857206619993958,
-0.000369801999991068,0.00897433399998317,0.00925926199999685,0.014727826000003,0.0110476950000506,
0.0102371740000044,0.0155360540000111,0.0162145719999999,0.0195527159999865,0.0151326426000203,
0.00235523400001512,0.00477129399998921,0.0103850819999925,0.0098617819999954,0.00837396820005379,
0.00325861999999324,0.0178264620000064,-0.000463261999982933,0.0120043819999964,0.0121202699999129,
0.0176375220000064,0.014711185999995,0.00981836800000656,0.0116636339999986,0.0081079198002546,
0.00696953199998552,0.0138052540000026,0.0121630780000087,0.0044897900000251,0.0160142306000103,
0.00359229799999321,0.0179486420000094,0.00905428399999528,-0.000354822000011154,0.0102004479998715,
0.011566888000013,0.00931606600000305,0.00946915800000534,0.0147891200000104,0.0102848032000569,
0.0233355419999862,0.0116886160000013,0.0129067319999986,0.032077600000006,0.0116345104000648,
0.0130791879999897,0.0117972939999891,0.00555172200000925,0.0111360660000082,0.0081592778000595,
0.00897661200001312,0.0156262139999881,0.013383078000008,0.0113576240000066,0.0134949354000033,
0.0188826479999925,0.0049333700000052,0.0167051599999877,0.0217815340000225,0.0100772359999944,
0.000606936000021051,0.00768454800000291,0.0175834260000102,0.00525555400000212,0.00990027200006662,
-0.00160564799999884,0.0196155020000106,0.0178701980000014,0.0259520680000114,0.0110171336000094,
0.0146388320000015,0.00817677799998546,0.00483842400000231,0.0146388020000013,0.00966734940001479,
0.0230556440000009,0.0152015799999908,0.0121886920000079,0.0349304700000039,0.0106437267998946,
0.0175115580000092,0.00968525799999497,0.000198008000010304,0.0083701399999909,0.0133179865999155,
0.0082325959999971,0.00522889399999076,0.0197069980000078,0.0168786019999907,0.0106332605999232,
-0.000220947999995587,0.00515888199999517,0.0181407539999918,0.00330603799999335,0.0112342218000005,
0.009953496000001,0.00904888200000733,0.0125833780000039,0.00749473800001124,0.0102618598000299,
0.0142255340000138,0.00764317599998685,0.0148377160000055,-0.00149512200001209,0.0131052974000318,
0.0167787120000094,0.00820234399999299,0.0190007680000199,0.0216858599999896,0.0138219380000584,
0.0173955619999933,0.005343227999997,0.00595678999998563,0.0210320400000055,0.00992860560002227,
0.00548392799999328,0.00379454199999145,0.00543256999999903,0.0106423420000037,0.0130417088000555,
0.0102431660000038,0.0213919139999962,0.0179976099999985,0.0173149639999947,0.00985237539992959,
0.0219057799999964,0.00649974399999337,0.0101411199999975,0.00100934199999392,0.00948903480000518,
0.00833803600000374,0.00909545600001547,0.0113676439999927,0.00878189399999155,0.0109502764001751,
0.0134499379999888,0.0109957059999924,0.0152849360000082,0.0166869019999986,0.0118760643998692,
0.0226134799999954,0.0186498359999896,0.021956857999995,0.00602748599999632,0.0115960348000408,
0.00760099400000308,0.0123852139999881,0.0112080200000055,0.00280605800001013,0.0132770868000742,
0.00970700199999737,0.00512636600000769,-0.00720764799998688,0.0131751779999968,0.0127932813999789,
0.0235545579999971,0.00765682200000174,0.0168904999999959,0.0067505480000018,0.0101166721999645,
0.0187841519999911,0.0176797060000054,0.0147468520000084,0.00602113400000235,0.0124352895999698,
0.00971234199999526,0.00810361399999329,0.0134920439999851,0.00748735000000033,0.0078964473998647,
0.0111177959999995,0.012549519999995,0.0132189739999876,0.00246738199998981,0.00979806659997048,
0.0126011599999902,0.01308943,0.01107861399999,0.01388501,0.0109471717999935,
0.0106646679999876,0.00639835999999832,0.0136981280000018,0.0189475019999963,0.00892082399999272,
0.0267904820000103,0.0133909380000068,0.00883777400001509,0.00216805400001522,0.0116369515999584,
0.0107529940000095,0.00786413000000812,0.00387461199999871,0.00733483199999591,0.00718492120002047,
-0.000626399999992827,0.00748148400001173,0.00629916599997887,0.0205335499999919,0.0120561764000639,
0.0156138560000136,0.0095422360000166,0.0121590180000076,0.0102560999999978,0.0098067165999586,
0.00855949199999304,0.0110339160000085,0.0165619759999981,0.0229529279999942,0.01237599500012,
0.00954309600000215,0.0075350660000222,0.0107949099999996,-0.00266837799998484,0.0122232158001221,
0.0293347500000036,0.00524635399999897,0.00977186399999664,0.0293347500000036,0.0125831646000697,
0.0259818900000027,0.00946697600000516,0.0121609499999931,0.00642153199998484,0.010301251600065,
0.00866891600000508,0.00310022600000411,0.0110707820000098,-0.00201341000001048,0.0124795560000464,
0.0188328259999962,0.0102951919999987,0.0170419559999964,-0.00126270799998838,0.00862265879998158,
0.0138188679999921,0.0187532960000126,0.031141716000021,0.00523495999999977,0.0158337876000434,
0.0056251000000093,0.0282005619999936,0.00346383400000104,0.0111123359999974,0.00964850920008175,
0.0181794320000026,0.0142350840000154,0.0234922400000069,0.00729435399999966,0.0136872919999645,
0.0184639360000128,0.0247022020000013,0.0011095360000154,0.0123521700000001,0.00773571320005867,
0.00596369400001731,0.00215346800000407,-0.00119406200000958,0.0140371780000078,0.0148613337999755,
0.018915071999998,0.0170438399999875,0.0127425139999905,-3.84120000144321e-05,0.0107755605999788,
0.0059734399999943,0.0125074400000094,0.00403061599998273,0.00513739399999577,0.0143514906000972,
0.0107141980000079,0.0145804200000057,0.0213409339999944,0.0165351360000031,0.0113895444000889,
0.0130342379999838,0.0189947540000248,0.0217675919999883,0.0205601200000001,0.0129518430000608,
0.0124049019999838,0.0129255020000037,0.0129635879999996,0.022207629999999,0.00928963719994281,
0.023410520000004,0.0168975139999848,0.0212404099999831,-0.00283965399999397,0.00914298060011934,
0.010276540000008,0.0109223859999865,0.0120202919999992,-0.000746091999993041,0.00914124859992589,
-0.00543389800000841,0.0139874819999895,0.0205909220000049,0.0143505779999978,0.0141070941999242,
0.0219071740000099,0.0217788860000101,-0.00434166200000072,0.00378898000000208,0.0130227478000103,
0.00160636199999681,0.00375560199998745,0.00563623400000233,0.00545884000000478,0.0105645521998733,
0.00528355399999509,0.00487482799999634,0.00210772599999837,0.00487482799999634,0.0131520862001067,
0.0142603339999887,0.00892043800000465,0.0107957859999906,0.0222487180000026,0.0134082473999966,
0.0214275200000084,0.0109541659999959,0.0039258480000035,0.0201050819999991,0.0124507243999891,
0.00383244000000559,0.0221859860000022,0.0237437540000046,0.0129474319999999,0.0141600950000102,
0.0112094080000015,0.0128962760000049,0.0112094080000015,0.018664467999999,0.0110571140000116,
0.025912740000007,-0.00146908200000962,0.00384873599999901,0.0110940680000167,0.0143292643999739,
0.015986493999997,0.0126839659999978,0.00424350000000595,0.014015129999987,0.0078080633999969,
0.0262078659999988,0.00130070399999295,0.00458659600000465,0.0157435559999894,0.00975579419999194,
0.0105869560000019,0.0129304220000004,0.0115806800000064,0.0154743999999873,0.00775900520001378,
0.0194236220000157,0.0212993519999864,0.0142964580000089,0.0170658719999956,0.0103224239999821,
0.0110359739999994,0.0159333260000049,0.00212993600001482,0.00944863400000668,0.0123599578001049,
0.00969576399999642,0.0162637160000022,0.0162637160000022,0.000270953999996891,0.0142762677999446,
0.0138548600000022,0.0115381360000056,0.0201642840000104,0.00315609400000812,0.0123282702000441,
0.00302569799998128,0.0117663080000166,0.0110723860000144,-0.00106055800000831,0.0139847631999881,
0.00999663000001783,0.00506698800000777,0.0172422160000124,0.0110930679999992,0.0086687153999228,
0.00836985800000093,0.0114243640000068,0.0127926919999945,0.0107192499999946,0.00935839920010185,
0.00338494400000127,0.00744513200000529,0.0191374159999914,0.0158207120000079,0.0091863130000107,
0.00879289799999788,0.00794703800000479,0.0137912819999992,0.00664176800001042,0.005636742799903,
0.00748036599999978,0.0048920780000044,0.017400356000001,0.0178021599999975,0.0111003805999972,
-0.0016411139999982,0.00697397199999159,0.0177511659999973,0.00392068800000743,0.0122218398001176,
0.0105181699999903,0.0091573680000065,0.0032853079999968,0.0102950979999996,0.00872609279994431,
0.00911898000001293,0.0107565379999851,0.00673151999999754,-0.0027438059999904,0.0083125474000306,
0.0109090880000122,0.00524184800000421,0.00700845400000981,0.00172909999999047,0.0123543470001467,
0.0173852399999932,0.0123030420000005,0.0129524580000161,0.0114396040000065,0.00665268719998203,
0.00225010999999176,-0.0012464619999937,0.0137629839999927,0.0113407600000046,0.0106596022000522,
0.0165350499999822,0.017573537999996,0.00420787999999266,-0.000677259999999478,0.00977822860001106,
0.0102699180000072,0.00979229599999508,0.0239644099999987,0.0172368420000012,0.0181116998000594,
-0.00700944600000457,0.000180651999989095,0.0194810059999936,0.0269714539999923,0.0140598914000329,
0.0170375840000033,-0.000527964000008979,-0.00112180000001172,0.0151228960000071,0.0111959752000657,
0.00968484000001172,0.0162993999999999,0.0208550219999897,0.0188518899999854,0.00818677500009362,
0.0100984960000042,0.019957878000002,0.00568465199999173,0.0110561120000002,0.00894158919989422,
0.00813354800000616,0.00860338000001229,0.0106058040000016,0.0120866939999978,0.00986218839998401,
0.00935305200000312,0.0158091259999856,0.00021289399998841,0.00820308999999179,0.0153810340000273,
0.0122540299999937,0.0114593719999948,0.0157114320000001,0.00473524600000292,0.0117976561999254,
0.0116984180000109,0.00655018000001292,0.0210544559999917,0.0250020339999919,0.01227612799993,
0.0180171740000014,0.0146411059999946,0.0121528020000196,0.0189434099999953,0.01135890920007,
0.00054768200000035,0.00852648399999453,0.0086936820000119,0.0100853120000047,0.0111160218000172,
0.0193354839999956,0.0203461060000027,0.0123254819999875,0.0116227840000111,0.0161986061999109,
0.00983189200000288,-0.00443160000001171,0.0171986779999916,0.00592543200000091,0.0171483619999111,
0.020342685999999,0.0162723440000191,0.00948898199998894,0.00562980599999719,0.0102442930000667,
0.0133443719999859,0.0269377899999936,0.00403862799999115,0.000957851999987724,0.0136872410000913,
0.00292409399999997,0.000677200000000084,0.0246304840000084,0.0280117980000159,0.00881994939991855,
0.0159128300000048,0.0170330840000152,0.00397210400000404,0.0173812500000058,0.0103397530000133,
0.0048349899999921,0.0222592060000079,0.0026809179999882,0.0026809179999882,0.00910306340009556,
0.0107105259999962,0.00724388599999838,0.00855397799999901,-0.00978675399999702,0.0139356295999241,
0.00448759799999698,0.0125830100000094,-0.00359362000001784,0.00238218199999301,0.00965488760010558,
0.00880363599999419,0.0106616919999933,0.00672669200000655,0.035363772000007,0.0166648166000305,
0.0097364900000066,0.0112478139999948,0.0144010840000092,0.0105442000000075,0.0128303914000571,
0.0104207620000079,0.0128517940000074,-0.00156174400001237,0.0124273940000121,0.0102327411999504,
0.00978754199999912,0.0163174459999973,0.0029757619999873,0.0120258100000028,0.00936651059994401,
0.0115329100000072,0.00693853199997557,0.0172474200000024,0.0219870419999943,0.0128006834000429,
0.017870180000009,0.0277211140000018,0.00223003599998719,0.00698594400001639,0.012747295600034,
0.00636963199999082,0.0117331539999986,0.0196132060000064,0.0223493159999998,0.00892499039998438,
0.0128107939999782,0.0156838680000028,0.017645431999993,0.0032937720000009,0.0135737846000535,
0.0200772640000014,0.00891498600000159,0.00780521800000224,0.00342078400000901,0.00697896339997096,
0.00958111200003077,0.0211324639999875,0.0279055000000035,0.0250438639999893,0.00747188140006547,
0.0205030599999973,0.00957772600001863,-0.000869989999998325,0.00400986999999623,0.011387924999994,
0.0156091500000048,-0.00682607599998209,0.00493869999998878,0.0111169980000022,0.0116205053999314,
0.0195676399999938,-0.00182034000000021,0.0144811820000032,0.0168271559999966,0.0102566000000006,
0.00292852799999127,0.0149314039999963,0.00304831200001263,0.00207401200000913,0.0158128274000592,
0.0146484399999854,0.0118259079999925,-0.000619690000002265,0.0109005000000006,0.0102629173999951,
0.011852047999997,0.0217705320000014,0.0265319700000018,0.0139348619999955,0.00920125319993022,
-0.00126139000000239,0.0137911520000043,0.00716120599999795,0.0199411339999997,0.0140206284000429,
0.0087676159999919,0.0127446380000019,-0.00134345600000233,0.0249927999999963,0.010860900199895,
0.00852416400000038,0.00243655200001103,0.0270533639999994,0.0259700759999887,0.00765240319994628,
0.0128605560000087,0.0217436740000112,0.00717576199999439,0.000581127999998898,0.0115805236000087,
0.0106525739999997,0.016191736000018,0.00645373600000494,-0.000941992000018217,0.0116797085999977,
0.00800651800000378,0.0102026780000097,0.00913619799999924,0.0141434760000038,0.00791419579990979,
0.0141473519999981,0.01288356200002,0.0117671220000084,0.00482134399998995,0.00754622340010683,
0.0255159299999841,0.0141044100000045,0.00199652599999899,0.00853732199999467,0.0102335839999454,
0.00524687799999629,0.00285273800000414,0.00177425400000448,0.0272384259999926,0.00965444980002285,
0.0116885219999949,-0.00459945600000083,0.0118913139999977,0.0185429439999816,0.0094765186000106,
0.0156609880000069,0.00665816000000268,0.006816122000002,0.0181628379999984,0.0106797215999599,
0.016779087999992,0.0161041840000016,0.00191216800001348,-0.00145995199999925,0.00919777440007674,
-0.000171738000011828,0.00257771400001093,0.0109670500000148,0.015818796000005,0.0149444361999856,
0.0146276700000053,0.0185358760000081,0.00822312999999849,0.0127495640000025,0.0107056037999406,
0.0222653280000077,0.000645226000009643,0.0147897259999891,0.0133063000000056,0.00985094740003478,
-0.00163382799999727,0.00833316400000331,0.00390840200001276,0.0135604320000057,0.0115892554001206,
0.00527083400000265,0.0121477619999823,0.000585455999987971,0.0223606259999997,0.0124714678000579,
0.00572777999999653,0.0260952180000004,0.0109406859999963,0.010723622000005,0.00757584019995556,
0.00569641600000705,0.0130770199999934,0.0103520519999993,0.0124557340000074,0.0178303204000411,
0.00586019599999145,-0.00341752600000109,-0.000192447999993419,0.00397857599998406,0.0134679235998781,
0.00937532999999166,0.0155129679999927,0.018245985999999,0.0109556060000059,0.00985652760002122,
0.0166172639999886,0.00886439999998856,0.0139431939999995,0.00719763999998668,0.0122612035999715,
0.0111161800000091,0.00763248600000134,0.00776258200001575,0.00932021200000145,0.0057885704000968,
0.00806309000000329,0.00946136800000022,0.00547824800001581,0.00972846599999684,0.00791829859999052,
0.0117137419999945,0.00553176799999255,0.0231128200000003,0.00548788200000035,0.0132986995999068,
0.00205754400000842,0.0180220659999895,0.0132790700000014,0.0153388780000032,0.0100157630000183,
0.00504002399999263,0.00708724599999368,0.0128562939999993,0.000689620000001014,0.00669154240001299,
0.0214515559999945,0.00238667400000213,0.0234209139999939,0.00762591599999905,0.0152979509998957,
0.00845782000000327,-0.00045566200000394,0.0128610520000057,0.0289591879999825,0.0133291994000065,
0.00862494800001332,0.00852765400000317,0.0172450759999956,0.00871626000001106,0.00616547379998883,
0.0132838680000059,0.0111912520000024,0.00526772199998868,0.0139598579999956,0.0137096961999538,
0.0112975799999995,0.0177837079999899,-0.00373899800000254,0.0181479339999978,0.00977806859989942,
0.0108196739999967,0.0202756780000136,0.0204139440000035,0.0222141460000003,0.00898888879991937,
0.0150981760000041,0.0220661619999892,0.0175289239999947,0.0116871860000037,0.0106499764000051,
0.00954026000000158,0.0117418219999963,0.00550960000001305,0.0100492199999981,0.0116142623998807,
0.0172423699999981,0.00309645600001022,0.0162144000000108,0.00828058000001329,0.014081844000017,
0.0176653339999948,0.00780691799999659,0.0089571159999914,0.0181875299999974,0.0101014415999656,
0.0151890560000029,-0.00243127199999981,0.0058052180000077,0.0109072640000013,0.0102747267999635,
0.00727745399999912,0.00469148000000223,0.000995568000007552,0.00545561800000814,0.0109188725999993,
0.0158987399999905,0.0127425920000042,0.0170707419999972,0.025275110000016,0.0117035289999127,
0.0149459560000023,0.0080013779999872,0.0121019599999991,0.0152135939999825,0.0133539598000265,
0.0106209819999949,0.00442679400000543,0.0235165920000009,0.0217277180000083,0.0136645681999529,
-0.00515499999998883,0.00417473000001155,0.0064483560000026,0.0233484560000024,0.0108188838000955,
0.00875629199999185,0.0156603359999881,0.0091934939999901,0.0114858040000099,0.010573469799936,
0.0017187640000011,0.0131384180000105,0.00453644000000259,0.0038509540000141,0.0113425868001141,
0.010977667999995,0.0126743540000061,0.0236772460000057,0.00374536399999761,0.00880255639991374,
0.0100281319999913,-0.00499660399999993,0.0254242999999969,0.00687454400000024,0.0108083826000759,
0.00848043999998936,0.0171188500000044,0.010992504000008,0.00354647199999727,0.0142385336000909,
0.0149310720000112,0.0151663619999972,0.0179438859999882,-0.00471709799999189,0.0130558569999565,
0.00440358800000558,0.0109479400000137,-0.00680091600000924,0.00559022600000389,0.00859567239992612,
-0.00432338400000935,0.012430059999996,0.0120482219999958,0.00411655200000951,0.0132658938000503,
0.00564828600000965,0.00235534799999277,0.00937229399999342,0.00176770800000031,0.013568351800002,
0.0114541160000026,0.00827645600000233,0.0212792319999917,0.0212936319999835,0.0117624387999167,
0.0061878459999898,0.0257281879999964,0.00782777199998691,0.0167985979999985,0.00901075999997192,
0.00717721999999503,0.0140419880000027,0.00916801200000555,0.00911457400000108,0.00500198360015202,
0.0150837259999898,0.00649490599997807,0.0179021339999999,0.0114721579999959,0.00914278840004845,
0.00370449399999234,0.0021810139999925,0.0117734039999905,0.010564767999992,0.0108916960000344,
0.00474974599999132,0.0199504599999955,0.0175641000000014,0.0108889980000095,0.012234937999909,
0.0232526339999922,0.00478946800001177,0.010252890000007,0.0153655599999965,0.0122413117999684,
0.00283787600000323,0.0126383619999933,0.0132043080000021,0.0189354400000047,0.0113173656000756,
0.0235367139999971,0.0163955619999942,0.0180992060000035,0.00517499200001566,0.0113309570001155,
0.0122429899999888,0.00151315399998202,0.0103712159999895,0.00507936400000926,0.0118189263998909,
0.0122491920000066,0.00134383400000388,0.0123677239999961,0.0249854740000055,0.0092528824000743,
-0.00328095199998825,0.0114788639999979,0.00606366800000978,0.0120223699999842,0.0148836104000533,
0.0198763319999971,0.0221094120000007,0.0120171980000059,0.0137250499999964,0.0103495773999341,
0.0124267759999893,0.0126253659999875,0.00997477799999888,-8.2191999988936e-05,0.00891091500012335,
0.0045958440000104,0.0127864099999997,0.00279874800000562,0.00824480600000152,0.0118281056000029,
0.0132522359999848,0.0023089400000008,0.0145724160000036,0.0205654319999794,0.00989659900001207,
0.00761011599999892,0.00310974400001487,0.0131975680000014,0.0164540660000021,0.00899947900010011,
0.00078431599999476,0.0112356260000115,0.00108450800001174,0.0168410380000014,0.0128246585999128,
0.0202890880000105,0.00734252800000377,0.0212081359999993,0.0131735419999941,0.0157793183999624,
0.0138735200000137,0.0178348660000011,0.0119923140000064,0.00666212800000631,0.010367666399906,
0.00959865399999944,0.00281428399998913,0.0200165399999787,0.0141955379999981,0.0100550807999411,
0.0150975540000027,0.00629630400000224,0.00730775399999675,0.0124522720000132,0.0134858815999512,
0.00712252199999966,0.0173190699999914,0.0121615059999958,0.00807501200000934,0.0100960295999612,
0.0178925139999992,0.0135811759999942,0.000629377999990538,0.0134595319999808,0.0123615721998714,
0.0129906719999899,-0.00485346400000344,0.00786686600000303,-0.00217365199999676,0.00802440679983629,
0.00550253399998473,0.0120986140000077,0.0138329340000118,0.0113494099999934,0.0111626443999863,
0.0163462859999981,0.00187278800000149,0.00938489600000958,0.000689009999996415,0.00872990659997813,
0.0276412820000023,0.0171127880000013,0.00718957600000067,0.0204498039999999,0.0110786337999692,
0.0138015760000053,0.00884970200000771,0.0110900079999938,0.0168536800000084,0.01026590879996,
0.00044003000000248,0.00561020600000757,0.00445030400001997,0.0279099199999882,0.015160270799914,
0.0176179459999958,0.0110936679999922,0.0271310419999918,0.013553323999995,0.00901639399998676,
0.00368574599998465,0.0104260220000087,0.00363826600000266,0.0104260220000087,0.00717632019988596,
0.0169040079999995,0.0163016999999927,0.00903028200000517,0.0102175479999978,0.013291477399983,
0.00749391200000264,0.0318368340000079,0.00941343800001323,0.00733160000000225,0.00744286739998788,
0.00479146599999422,0.0131723080000002,0.00939534399999866,0.0128495200000098,0.00638182960005142,
0.000644169999995029,0.023086278000008,0.0121779979999992,0.0245063879999998,0.0093743412000229,
0.0137154720000008,0.0137154720000008,0.0114814860000106,0.015010320000003,0.0094139314000764,
0.00740428199997768,-0.00377981600000112,0.00459635400000843,0.0209498040000126,0.0101907267999632,
0.00826994599998488,0.00691609000000335,0.027414204000017,0.0038911139999891,0.0070864528001468,
0.0207629019999995,0.0142190359999913,0.00982393999999567,0.0175829340000018,0.0128808613998997,
0.010188055999989,0.0221013860000085,0.0104810039999984,0.0236306960000074,0.0124974717999503,
0.0129362059999976,0.00570035800001369,0.0107471300000134,0.0202731720000038,0.00961789520001475,
0.0085141100000028,0.0108464859999858,0.0141698100000067,0.0149810380000026,0.00736419219998279,
0.0168752320000003,-0.000744861999998648,0.0118342199999943,0.0116979659999924,0.0100375232000355,
0.0144066879999991,0.0201727580000015,0.0166299800000124,0.00885253599999942,0.00872745939994493,
0.0251834539999945,0.0130388699999912,-0.00571200799999588,0.00581187800000316,0.0130595600000888,
0.0136422339999926,0.0099508720000058,0.00186418600000889,0.0122953599999955,0.0136690182000573,
0.00836373600001298,0.00775810399998682,0.0108570640000116,0.0182193920000018,0.0113928916001285,
0.0100156019999959,0.00905320600000505,0.00540378800000144,0.00894107800001257,0.00963436879996661,
0.00852943000000778,0.00174869599999147,0.00598865000000387,0.0135955920000024,0.00978042440010613,
0.00823918799999774,0.0248265240000082,0.00706633200001124,0.0163689520000007,0.0104905857999649,
-0.00131932800001414,0.0175562340000133,0.0153383280000062,-0.00209816599999158,0.00919129520004644,
0.00714339600000494,0.0102025799999965,0.00215984800000751,0.0233149360000052,0.00802730580006246,
0.0139010360000066,0.00755081600000085,0.0104790799999928,-0.00218632599999091,0.00901741199998214,
0.011926174000012,0.0133437359999925,0.0105018800000089,0.00611276399998951,0.0106795805999762,
0.00104255800000192,0.00107108000000153,0.00621097800001189,0.0100719039999985,0.0164609575999537,
0.00781476800000473,0.0111357759999937,0.000983785999997053,0.0135951919999952,0.0128459134000157,
0.0103020519999891,0.00354674800001067,0.00635133200000018,0.00747375599999214,0.013210718000005,
0.00540593199999148,0.0141399060000012,0.00541644400000041,0.0146299899999894,0.0147450142000402,
0.00455876400000398,0.020314756000018,0.0168000399999901,0.0134374680000019,0.0100802158000464,
0.0129437880000078,0.00996253399999478,0.0158173060000072,0.0103744320000133,0.015318509200008,
0.00786381599999459,0.0100431539999909,0.00424346200000491,0.000355479999993804,0.0154832411998781,
0.0224733499999802,0.0123024879999839,0.00354066599999624,-0.00171081599999434,0.0119281526000821,
0.0105706800000071,0.0141728559999956,0.00570432000000983,0.0112208059999984,0.0110135564000273,
0.0203248019999901,-0.000454665999998724,0.0174718980000016,0.0110426079999961,0.011142936000086,
0.0179684599999864,0.0237232179999974,0.0152263680000005,-0.00357578800001465,0.0120277820000942,
0.0233990219999951,0.0139963060000009,0.00897262400000273,0.00532871799998975,0.00977499800001897,
0.0110068020000044,0.0172768080000151,0.0117853980000073,0.0162943419999956,0.00836679900006711,
0.0229759340000019,0.0185791899999995,0.00355211799999415,0.0141342520000007,0.00982704079992545,
0.0126449859999902,0.00188157399999363,0.00469135000004098,0.00128985599999305,0.00932272039996169,
0.00621144800000639,0.0132537499999999,0.0111492039999948,0.0209694479999953,0.00805285079999376,
0.00591451400000187,0.00734966800001621,0.0145850799999962,-0.00659681599999294,0.0157892764000608,
0.0144780619999892,0.00394153799999549,0.00586829800001942,0.0313182539999907,0.0120552830000554,
0.0120384460000005,0.00719205400000919,-0.0056859919999988,0.00237349999999515,0.0104396511999876,
0.0153596699999998,0.0109764119999954,0.0078086340000109,0.00489492799999698,0.0112790031999728,
0.00703160599999683,0.00745581800000946,0.00934279800000422,0.02569883199999,0.00737877740008262,
0.00109856599998693,0.00624464000001171,0.00924934200000371,-0.00313012399999934,0.0133552638000197,
0.0155058839999792,0.0165455959999981,0.0111966900000052,-0.00268854000001284,0.0150301447999889,
0.00711033799999404,0.0188859580000053,0.00709453200000007,0.0168366739999947,0.00977027200003577,
0.0120444760000037,0.0139815079999898,0.015057188000007,0.0103856019999967,0.00997389180004248,
0.000123442000010073,0.0157846600000175,0.00309741999999733,0.00498104799998237,0.0107103981999069,
0.0164590140000082,0.00223495999999432,0.00155896399999619,0.0225583979999874,0.0150356032000891,
0.00383813800000462,0.00736224199999651,0.00858497400000033,0.00936458600000333,0.0124503445999282,
0.0149687280000035,0.029387864000013,-0.00416468200001873,0.00742123400000673,0.012293103800001,
0.00582472999999209,-0.00270465999999215,0.00926418200000171,0.00582472999999209,0.0114712261999572,
0.0133016940000034,0.00778328200000305,0.0181061280000022,0.0177943859999941,0.00976839819991728,
0.00371893000000182,0.0134794279999942,0.0163533900000084,0.0166518480000095,0.007652234999949,
0.014774857999997,0.0130617240000065,0.00967843399999765,0.0151867879999918,0.00922244859999046,
0.00537637799998993,0.0211277560000035,0.00277134800000476,0.00717830599999252,0.0116310625998522,
0.0187402799999954,0.00693936400000712,0.00611588600000414,0.00132264800000394,0.0132518666000004,
0.00245273999998881,-0.0056461720000043,0.0202794939999876,0.0135397380000077,0.0124922397999391,
0.0200008099999968,0.00216005400000813,0.00493366399999286,0.0190669780000053,0.00877737480003198,
0.00360289599999214,0.00940090600000349,0.00997213400000783,0.00647758600001271,0.011551235799912,
0.00452635599998303,0.00347412200000144,0.00857440399999268,0.0152019140000066,0.00868593339992221,
0.00932391400000688,-0.00197729400000935,0.00168484400000762,0.00745138600000246,0.0123494158000307,
0.014784700000002,0.00933810800000083,0.0149854340000156,0.0182901359999878,0.00539862299992528,
0.0114636159999945,0.0129368779999941,0.00906796600000416,0.0106772620000092,0.0114295163998795,
0.00652945200000158,0.00920455400000537,0.0133257219999905,0.00605522400000154,0.00744385340000663,
0.0173671899999999,0.00583796200000143,0.0285464740000079,0.0182088940000176,0.0117658227999156,
0.0105283760000011,0.00234976599999936,0.00107766600001469,0.0022287820000065,0.0126358724001431,
0.00888442400000076,-0.000566338000001451,-0.0031766960000059,0.0101046819999992,0.0128650165998624,
0.00868784800000412,0.0180456660000009,0.000950172000000748,0.0120879359999944,0.0133635036000145,
0.0118452639999941,0.00972682800000894,0.000713184000012916,0.0237412960000011,0.00878597699998281,
0.0208892419999947,0.0134260620000041,0.00331187999999565,0.00659049800000503,0.00954021099978563,
0.0148382239999855,0.00270089199999529,0.0112448059999933,0.0121425919999992,0.00577485799996284,
0.0145424480000074,-0.0079296600000007,0.0225377239999998,0.00783195200001319,0.012480045399996,
0.00842174199999954,0.0150635760000077,0.0108701800000035,0.00888814000001639,0.00922001120004497,
0.0102220400000078,0.0062642620000006,0.0149757019999824,0.0135244980000116,0.0113767476000299,
0.00551480799999081,0.0171865220000082,0.00926188999998067,0.00549564400000963,0.00821669060002023,
0.00345073600001433,0.00687153399998988,0.0140272980000054,0.00949536199999238,0.00905651740000612,
0.0116749420000151,0.00220835799999713,0.00921055400000296,0.0219350679999889,0.0117184602000365,
0.0148527939999985,0.0096009959999983,0.00275109600000178,0.011369660000003,0.0132815543999306,
0.0018930360000104,0.0150906600000053,-0.00761326599998756,0.0129171319999996,0.0153742281998646,
0.00624279400000614,0.0169625439999891,0.0255899799999943,-0.00531063599998015,0.0105728542000405,
0.0146521000000002,0.0105176399999964,0.0042651979999855,0.0222076199999929,0.0099642322000087,
0.00530284200001461,0.00843766800000048,0.00429547600000296,0.00664126000000306,0.0122718628000308,
0.00696411400000306,0.0131463640000138,0.00633157999999821,0.0113801739999926,0.00820579659993018,
0.0143284700000104,0.0144848579999934,0.0133720180000009,-0.00149069799998688,0.0119433658000147,
0.00162525199997981,0.000872135999999955,0.00827670199999284,0.013954254000002,0.0105296234000314,
0.00411254799999642,0.00905451000000448,0.00905451000000448,0.0132171080000007,0.0115614955999656,
0.0128052899999984,0.0174030120000043,0.0109506200000205,0.0128052899999984,0.00827875400005505,
0.0130394700000006,0.00254512200000318,0.00568945399999575,0.00805548800000815,0.0109486633999077,
0.0172428420000042,0.0054348639999962,0.0234006720000034,0.00760819599999013,0.00855687620011449,
0.0143201139999956,0.0158963840000033,0.0114627720000053,0.00558103800000299,0.00765897299998833,
0.00618712799999412,0.0164048099999864,0.0124385079999965,0.0151736539999856,0.00930085000002509,
0.0211139620000122,0.0201095540000042,-0.00132032400001117,0.0155435359999965,0.0117750381999816,
0.0100341199999893,0.0106919279999975,0.0134431820000073,0.0135924300000088,0.0133292640000589,
0.00903106799999477,0.0100297880000035,0.00780648799999653,0.00730109000001266,0.0113084902000148,
0.0109087540000046,0.00846593800000028,0.00840666600000441,0.0138043579999894,0.0133478061999602,
0.013254498000003,0.0126273899999951,0.0145438639999957,0.00991318000001047,0.01162890080008,
0.0145510739999891,0.0242481099999986,0.0157209219999904,0.021023392000001,0.0146144276000749,
0.0079454139999898,0.00883566999999857,0.0079454139999898,0.0160687779999953,0.0123209055999032,
0.0115788180000136,0.00787814800000069,0.0111920939999991,0.0132317079999993,0.0119123477999623,
0.00464610400001038,0.00739914200000112,0.00739914200000112,0.00607093400001395,0.0132218326001021,
0.0043280339999983,0.0175653800000018,0.0216211840000024,0.0169536300000045,0.0112048220000353,
0.010595391999992,0.0029647740000164,0.0140620320000053,0.0129380540000084,0.0137659416000461,
0.00766297999999551,0.0125509260000081,0.0189790679999905,0.0229131900000066,0.0110722334000144,
0.0115066760000045,0.0115066760000045,0.00700456600000598,0.0137895040000085,0.010473288399967,
0.00376064000000679,0.0112738600000157,0.0115997059999991,0.00937141800000063,0.00753035980011846,
0.0174023640000096,0.0175810799999981,0.025120068000002,0.0168262320000067,0.013905814399878,
3.28240000026199e-05,0.00113949800000773,0.017576227999999,0.0180496600000042,0.011059079799903,
0.0132547559999957,0.0177359639999968,0.0182627939999984,0.0024061540000057,0.00814088439996776,
0.0224027719999949,0.0223798060000008,0.0223798060000008,0.0084247839999889,0.01329299939997,
0.0155444379999954,0.0196742139999997,0.00958274600001187,0.0123635180000047,0.00773830439988014,
0.0196300739999897,0.0122497379999995,0.0120292540000028,0.0166217739999902,0.00943925119992782,
0.00535254600000098,0.0161308999999983,0.00765638000000126,0.00625682599999436,0.0100183793998898,
0.00903114600000208,0.0070048020000022,0.00734870000000956,0.0295331240000187,0.0130852540000924,
0.0175492460000169,0.00713711199999307,0.0167610179999929,0.0133184640000109,0.0112022766000809,
0.0147100599999994,0.0163694079999996,0.00808788999998706,0.0181721560000051,0.0125638200000634,
0.0124065279999922,0.00858311599998251,0.012711742000015,0.00809529199999633,0.0156167331999044,
0.0156884899999914,0.0099490699999933,0.0102487819999978,0.00992360800000642,0.00979625300006082,
0.0256666599999917,0.0162614459999913,0.0132850720000088,0.0155383100000072,0.0102862728001135,
0.00402936799999861,0.00593066599999838,0.0245148219999946,0.0100059760000067,0.00739160239997946,
-0.00201058400001148,0.00816484399999536,0.0216613619999953,0.00913934000000245,0.010240272999835,
0.0129286600000041,0.00998150400000122,0.00664281800000481,0.0268216379999867,0.011918356999883,
0.0175260259999959,0.0215425859999959,0.00288292799999817,0.0184369880000058,0.0145052770000002,
-0.000735106000016458,0.0158082420000001,0.0113938619999972,0.00537182600000142,0.0127349753999617,
0.0204892220000029,0.00170032799999626,0.00719245800000226,0.00228689399998439,0.0127505185999675,
0.00284660600001462,0.00630549799998516,0.00733876399999735,0.013822998000016,0.0127806743999936,
0.0200205580000056,0.0178648419999863,0.00615810399999009,0.0143575239999918,0.00989969580003963,
0.00982260400000178,0.016713851999998,0.00426635000000806,0.0157956819999981,0.0092713021999647,
0.0153049040000069,0.0151907980000015,0.0108667260000057,0.0165627740000036,0.0127975697999595,
0.0145903659999931,0.0152569080000039,0.0152297600000002,0.0168369739999998,0.0112979884000131,
0.00480571600001258,0.0102562520000047,0.0232295240000021,0.000729350000014165,0.0157108213999316,
0.0248337160000001,0.00159832599999481,0.00516271000000506,0.00135256399999344,0.0145129125999716,
0.0194936940000134,0.00505949000000146,0.00664737599999444,0.0136952399999955,0.0109988609998727,
0.0082697700000017,0.00758656199999768,0.0103617980000045,0.00061649000000034,0.0126036246000433,
0.0101125540000012,0.00807880399999794,0.000386792000008427,0.0101125540000012,0.00905174419991599,
0.0143619359999984,0.0092622059999976,0.0061617199999946,0.00817826400000195,0.00715654500004894,
0.0159261019999994,0.0122065059999986,0.0171487979999938,0.0212653540000019,0.0110697290000506,
0.0108625900000061,0.0115683479999916,0.00409989000001133,0.0110860739999916,0.0087530331999973,
0.00458670200000597,0.0172724159999907,0.00126632600002176,0.0132207240000043,0.0118945396000076,
0.0119965980000125,0.00361797000002389,0.0123468079999866,0.0230753000000113,0.00816484819991529,
0.00462424199999987,0.00901842599998872,0.0162320419999978,0.00207977600001232,0.0110576212000429,
-0.00872508799999923,0.00729887599998438,0.00799106200000097,0.0178952020000024,0.00871169019995432,
0.00411488000000008,0.0055944619999982,0.00388986200001,0.0201401739999974,0.00804158299997725,
0.00860921400000098,0.0180424900000007,0.0100192900000065,0.00760074200000327,0.0172567114000398,
0.00188284199999816,0.0130344019999875,0.00459185200000684,0.0116529960000034,0.00812966499998874,
0.00152909800000452,0.00525037999999404,0.0031578240000008,0.0101296020000091,0.0115134064000158,
0.00506154200000492,0.014819136000001,0.0140595339999973,0.0199134959999928,0.011051874600006,
0.0135262240000084,0.00140998799998761,0.0132331799999902,0.00981980600000497,0.0116805969999914,
0.00904497799999535,0.0149894040000172,-0.00105551399999968,0.0121870519999911,0.0125406545998994,
-0.000778281999989304,0.00728640399999676,0.00750802200000089,0.00703909199999816,0.00683300160005601,
0.0156272279999866,0.0101585999999979,0.0103364480000027,0.00296855399999004,0.0132397730002027,
0.0231568580000076,0.0192192079999986,0.0159960259999998,0.0224264919999896,0.0081621010000672,
0.00713934000000245,0.0180137800000048,0.00656393599999137,0.0173027120000042,0.0123237174000562,
0.00810832999998456,0.00837889999999425,0.00856366199998229,0.00471904600000926,0.00918643579992568,
0.0150405759999994,0.0179964239999917,0.0128017479999962,0.00260988999999608,0.00700442240004486,
0.0103380700000007,0.00527603599999384,-0.00444210399998974,0.0148800719999936,0.0122243100000473,
0.0177846100000115,0.00976380999998128,0.00772995000000265,0.0165058539999891,0.00684831720010261,
0.0150660079999889,0.00823284199999762,0.0174893939999974,0.00255290799999602,0.00979571819982229,
0.0100626879999982,0.0121092100000033,0.0128273259999805,0.00267071800000394,0.0128039630000269,
-0.00470821000000251,0.000652072000008957,0.0136555900000103,0.00581369799999902,0.0096154284000273,
0.0127254779999903,0.00216055400001642,0.00492257600000357,0.00268641600000046,0.0112313536000933,
0.00970292999999765,0.0109289539999827,0.000908567999989827,0.0103792120000007,0.0146808194000791,
0.0169256679999926,0.0171852779999926,0.0110442880000019,0.0169130119999863,0.00870452840003709,
0.0129494160000013,0.00971629600000142,0.0167011720000082,0.0184220159999913,0.00750960540001688,
0.00170003800000177,0.0198971840000049,0.0113804140000066,0.0101668120000086,0.0107256454000359,
0.0114628860000021,0.00128421399999388,0.00635540200001196,0.00128421399999388,0.00989731319995553,
0.017717631999999,0.00974973000000773,0.0192598059999827,0.0228575099999962,0.0111753371999985,
-0.00361214599999585,0.00596294999999009,0.00027444199999718,0.0213900319999957,0.0108130509999457,
0.0153600140000008,0.012020972000003,0.00589024799999424,0.00892698999999811,0.00927583520022672,
0.0139295799999891,0.00192040999999972,0.0166354560000009,0.0155353480000085,0.011917100400036,
0.011364273999995,0.00911897399999998,0.0162993619999834,0.0103059440000152,0.00717763380000688,
0.0063058980000078,-0.00388735999999153,0.0215333860000064,0.0155354299999935,0.012530077000126,
0.0105646140000044,0.0315925199999947,0.0198110800000049,0.0118207000000075,0.011310144800222,
0.00329954599999201,0.0208709660000086,0.0302125539999988,0.00254453600001671,0.0113779281999305,
0.00275456199999553,0.0179910999999865,0.00968225999999777,0.00639432199999283,0.0103626808001027,
0.010496915999991,0.0237667219999894,0.00910904600001413,0.0127699939999929,0.0124195602000327,
0.0063707380000069,0.0143272860000179,0.00855092800000875,0.0101982880000078,0.0101133428000459,
0.00422180800002297,0.00422180800002297,-0.00379221200001211,0.0263426299999992,0.0107071549999906,
0.00759988799999974,0.0244500059999782,0.0196309919999903,0.0280023119999978,0.0102630262000006,
0.00679352800000652,0.00728684200001226,0.00668365399999584,0.00682511400000567,0.0102610609999989,
0.00137110000000666,6.33239999797297e-05,0.00360551200000737,0.00667747399999644,0.0119298375999191,
-0.00155310400000417,0.00448442399999203,0.010037948000002,0.0183063139999995,0.0100508532000582,
0.0133192699999963,0.0230910260000037,0.0228792459999859,0.00881037599999854,0.0138797021999249,
0.00835730200000307,0.00954182599998057,0.00504814599999463,0.019680319999994,0.00691003160001274,
0.0045290740000064,0.00685421399999996,0.0151707619999934,0.00694409799999994,0.00864126700004344,
0.0138583660000022,0.0147699119999979,0.0126539539999976,0.00715386400000443,0.0121881575999258,
0.0144371659999942,0.0239626580000131,0.0192340880000038,0.00998394999999437,0.00684854119988886,
0.00579372200000307,0.013157449999987,0.00207339200000115,0.0100637019999931,0.013084270400073,
0.00746756199998617,0.0145541680000124,0.023756529999996,0.00714244599998528,0.0134862824001051,
0.00806562399999712,0.00834347400000297,0.00657025399999202,0.0124495519999955,0.0087168932001041,
0.0116456820000012,0.00565130400000999,0.0125856059999996,0.00595789399998648,0.00877440440004575,
0.0204527500000013,0.00940405400001327,0.00961720600001627,-0.000687736000011682,0.0109564254000274,
0.0167288720000088,0.00103471199999876,0.00705370799999491,0.00705370799999491,0.0110950253999443,
0.017217227999985,0.0119653420000095,-0.0105862000000052,0.00296362600001066,0.00955024899985947,
0.0143844740000086,0.0128173239999951,0.00390837599999577,0.00855874199999198,0.00573612380004415,
-0.00223820200000682,0.0176980100000046,0.00198818000000028,0.0165823559999899,0.0131060471999852,
0.00913722599999073,0.0145547540000034,0.0249806960000069,0.026121992000004,0.0124019328000075,
0.0171364320000048,0.0144421039999952,0.00779727800000455,0.014591583999998,0.010264833400042,
0.00904514799999924,0.0156492960000041,-0.00111983800001599,0.0146067619999922,0.00926254600005414,
0.012074978000006,0.0101047820000013,0.0156944500000009,0.0253772179999878,0.0120117890000009,
0.0108025019999941,0.0183522000000003,0.0195060660000045,0.00456307399999332,0.00863204020008197,
0.0109548019999938,0.000781870000007984,0.0113189119999861,0.0222499700000099,0.00810206240007828,
0.014340713999999,-0.00707471000000714,0.00400890400000662,0.00729422000001068,0.0162247731999516,
0.00804249600001003,0.00416020400000434,0.0148748480000004,0.0163714539999937,0.00805404460002974,
0.00180465799999456,-0.0030992119999928,0.00148796399999355,0.0159176219999954,0.012524959599982,
0.0044396299999944,0.0127162540000099,0.0158303300000025,0.0182548100000031,0.0114112457999458,
0.00384942199999568,0.00124877399999332,0.0170404260000041,0.00286668200000713,0.0148813200001365,
0.00730511800000841,0.0208999719999892,0.0166681200000003,0.0221796579999964,0.00820772619992713,
0.0127143900000074,0.00895113000000492,0.00669246600000679,0.019013726000002,0.00809648700004254,
0.00407329799998752,0.00429423800000404,0.00649521399999503,0.00219654399999672,0.010848713800095,
0.0372210880000057,0.0160182599999962,0.00575813600001584,-0.00583891999999469,0.0138334574000393,
0.00664753000001383,0.021110446000006,0.0126398679999857,0.0178664239999953,0.0105293658001377,
0.0103260760000121,0.0110881160000135,0.0115648860000028,0.0183246100000024,0.0107027418000107,
0.0136955139999955,0.0202416759999987,0.0215696540000008,0.0245146299999878,0.00972739700005259,
0.0206139640000038,0.020033412000007,0.00440516199999274,0.00613746599999922,0.00979692279998417,
0.0150005640000072,0.00177770600000349,0.00550801199998841,0.00843827599999804,0.0104444671998717,
0.00659302200000093,0.0163780000000161,0.013115783999996,0.00419858600000043,0.0105257574000294,
0.018178990000004,0.0162697139999891,0.00795283400000062,0.00923958800001037,0.0159212094000053,
0.00121812200000295,0.0172422200000028,0.0252370679999985,-0.00376777999999376,0.011789748000152,
0.0112770439999904,0.010572707999987,0.010572707999987,0.0112770439999904,0.0122024296000272,
0.00530130000000008,0.0109006019999915,0.0189296780000104,0.000771526000015911,0.00729875779994691,
0.0203021060000119,0.0229942080000019,0.0198558919999987,0.0162141479999964,0.00950082740006546,
0.0177184720000059,0.0201005280000008,0.0223116679999921,0.0186666979999955,0.00942183680012968,
0.00310401200001434,0.0104825180000071,0.00714204000000427,-0.00138197799999853,0.0137954333999529,
0.0151007020000043,0.0133235879999929,0.0173357119999973,0.0206694000000034,0.00674235339999868,
0.0127149040000113,0.0100789819999891,0.0140065500000055,0.0167991860000102,0.0102647684000651,
0.00846751199998926,0.00287975399999777,0.00912939599999118,0.0122799179999929,0.0113033774000251,
0.00930233600000247,0.00825287200000003,0.00976349999999366,0.0168618339999975,0.0157499758000748,
-0.00401460800000132,0.00836539200000789,0.0121612099999948,0.0128008579999978,0.0160979814000959,
0.0056141419999949,0.0127663739999962,0.00508064599999943,0.00475044400000206,0.0102734690001009,
0.00167467599997508,0.0115540160000091,0.0428715360000097,0.00626310799999464,0.0128298233999318,
0.0244903059999997,0.0153405459999976,0.00706138600001395,0.0120722239999914,0.0103151910001056,
0.0129228860000039,0.0132150459999903,0.0152130980000011,0.0167546059999886,0.00959096679992435,
0.00499431399999139,0.0017174400000149,0.028602953999999,0.0150861599999971,0.00954518760008141,
0.0137022599999927,0.0140174859999879,0.00747698999999375,0.0186528900000121,0.00865417800000068,
0.021905479999994,0.0232116320000159,0.0233705439999967,0.0196357839999955,0.00965651879992583,
0.0203280819999827,0.0108768380000074,0.0185569200000209,0.0084998440000054,0.0111960339999547,
0.00428252599999996,0.0118338199999998,0.00923976200000652,0.0171164419999905,0.0121571727999886,
0.00241614199999367,0.0197767920000078,-9.89800000388641e-06,0.0119865900000023,0.0103360473999048,
0.00857299200000943,0.0138233859999973,0.0266577639999878,0.00840889600001174,0.0120798625997988,
0.0264428380000027,0.0162745739999937,0.0106571560000075,0.00797905399999308,0.0119591751998552,
0.00735573400001613,0.00735573400001613,0.0057095780000036,0.00727621999999064,0.0145436076000122,
0.00791710600001716,0.00767514000000119,0.0136493299999975,0.00639976000000479,0.00920802500001155,
0.012915603999998,0.016667885999992,0.0189326620000029,0.0146232139999956,0.00959912319991272,
0.0118925840000074,0.00146362799999952,0.0174507999999942,0.015346779999988,0.00951261240007516,
0.0117759039999901,0.00426322999998683,0.00679660800001511,0.00449418600001263,0.00923661660004218,
0.00874151599999641,0.0226479420000042,0.00503208600001653,0.0125614459999852,0.0102268609999177,
0.0248841600000032,0.0236674239999966,0.00812718199998926,0.00594692400000531,0.0124832424000248,
0.00771452600000248,0.00152373200001239,0.0202351959999905,0.0185481119999995,0.00969907980008502,
0.0145027760000012,0.00606271400000696,0.00218504800001301,0.0134483480000072,0.0072352691998989,
0.00508591000000615,-0.00130448199999501,0.0128092459999998,0.00849918399999842,0.0130752679998885,
0.0105497180000002,0.00169430599999487,0.00543905399999767,0.00670477799999753,0.00801855879999639,
0.0203779080000068,0.021463260000005,0.0101480100000053,0.024826310000004,0.011373126000067,
0.0124780300000039,0.0348789159999978,0.0149866059999758,0.00573121799998808,0.0143829376000744,
0.00831646199999159,0.00926347399999304,0.00564049799999884,0.00824838600000385,0.0100773318000312,
0.00459484400001293,0.0147256599999891,0.00674462200001199,0.0206244820000038,0.00920756379997838,
0.00462511200000336,0.010939622000009,0.01338472799999,0.0182444759999862,0.0127256341999302,
0.0190155900000091,0.00240044000000034,0.0282273759999962,0.0178326240000024,0.00952291839981553,
0.00654962599999726,-0.00253035399999408,0.000600776000000224,0.0167348240000147,0.0108646718000084,
0.00229189599998244,0.019198431999991,0.0252328779999925,0.0152289140000075,0.0110138771999133,
0.0117713879999983,0.0192433540000038,0.00794019799998659,0.00926688799999465,0.0118934763998579,
0.021879267999987,0.0079104900000184,0.0117084699999932,0.0130570739999957,0.011269374800042,
0.0194420240000027,0.0111021959999953,0.00437049400000342,0.00920279400000709,0.0122292425999942,
0.00319240000000809,0.0180197640000079,0.0185942939999986,0.0266083360000084,0.0121114345999857,
0.010917354000012,0.00081786400000874,0.01369056000001,0.0147418619999899,0.0112454045999992,
0.0163230739999963,0.0107946460000012,0.00980570400000488,0.0110000419999951,0.00866267959998368,
0.000981748000009247,0.0315674580000023,0.00430717399999139,0.0200253799999973,0.0117059063999768,
0.0266228860000147,0.0135497200000009,0.00190715999999611,0.0286553779999877,0.0119671624000068,
0.00739047000000301,0.0144828140000081,0.0194449039999827,0.0168439820000003,0.0131243129999093,
0.0040385420000157,0.00857497399999738,0.0229251239999921,0.0158128580000075,0.0133372199999969,
0.0249767679999868,0.0131948179999918,0.00586675600000672,0.0182759040000119,0.0133129331999691,
0.011011067999998,0.0200126020000134,0.000133174000005056,0.0118272379999989,0.00832712980001088,
0.00577125600001546,0.0124262679999911,0.00599195000000054,0.00903627000000415,0.0117313862000978,
0.0171664840000021,0.0105917640000071,0.0125059160000064,0.010182751999987,0.0129033604001175,
0.0058427899999997,0.00939110599999367,0.00848802399999204,0.0155498979999938,0.0108306781999505,
0.011301121999998,0.00601782399998865,-0.00135462400001506,0.0132671459999901,0.00644085739990114,
0.0160606479999988,-0.00127331600000434,0.000500986000014564,0.00166520999999648,0.0120452971999832,
0.00932974600000398,0.0173356380000041,0.0143787180000008,0.011510396000006,0.0102332958000203,
0.00646733799999038,0.0175575080000017,0.0125243360000095,0.0100832559999953,0.0102657487999306,
-0.000742686000008689,0.0143848240000134,0.0048648460000004,0.00730864799999108,0.0114461866000915,
0.0116188719999936,0.0108117759999923,0.0155289759999951,0.00725993599998947,0.00945885999993989,
0.0116082559999832,0.00518677999997999,0.0122652120000057,0.0107346739999975,0.00808050019982402,
0.0149378259999921,0.0140195659999908,0.00527191600000515,-0.000947187999995549,0.01120698079992,
-0.00330488799999148,0.00601581800000895,0.0197402619999884,0.0142950639999999,0.0123085477999281,
0.00517608000000655,0.0135400119999977,0.00342630600001303,0.00811370800000532,0.0110496317998266,
0.0338488340000004,0.00566691800001172,0.00891881799999646,0.025122652,0.0148218992000271,
0.00598354600000494,0.0135684799999945,0.00598354600000494,0.00586144799999965,0.00699574259990404,
0.00904274800000258,-0.00142573599999287,0.015637311999998,0.0191351699999877,0.00946666779999359,
0.0122064859999964,0.00465111400000023,0.0132904119999966,0.0159560579999861,0.00803499340005801,
0.00572862799999893,0.0214903880000038,0.0183429939999969,0.00523444200000722,0.0084304858000447,
0.00793882400002167,0.00629304399998909,0.0354048680000005,0.0134244820000085,0.0122158139998784,
0.0158070420000022,0.0107083079999966,0.0187809620000135,0.0252226640000081,0.00764112880006505,
0.00836449400000401,-0.00193456799999331,-0.00334766799998579,0.0106537000000035,0.00775781360006004,
0.00533479199999783,0.0149901080000054,0.0131554880000085,0.00923119000000315,0.00778360140000659,
-0.00287465200001134,0.00111534400000346,0.0110038080000058,0.00805168199999935,0.0101726552000691,
0.00013901399999213,0.00675788799999282,0.012134011999995,0.0192310139999854,0.0137092005999482,
0.0174900959999759,0.00728711799999292,0.0134890219999998,0.0329604200000031,0.00871474479999306,
0.00455730600000516,0.00872911000000204,0.0217114980000088,0.00752212200000758,0.00806730680001274,
0.00956679400000121,0.0328878020000056,0.0126528759999992,0.00583983999999145,0.0126591331999181,
0.0225581240000029,0.00872375799998372,0.0250324119999932,0.0115274060000165,0.00770420699995666,
0.00561873200000173,0.0117378900000022,0.0178007279999983,0.00458058799999617,0.0090007394001339,
0.00127374399998916,0.0142593980000074,0.008328640000007,0.0223210499999968,0.0103333354001457,
0.0142845839999836,0.0286279899999945,0.00314874399999644,0.0267876060000126,0.0114035434000005,
0.0208644399999985,0.0115726000000059,0.0114085619999951,0.019150921999988,0.0141800284000012,
-0.000825029999998151,0.0101435440000014,0.00921737600000688,0.018321877999997,0.0105506842000774,
0.0182703540000057,0.0116984060000059,0.0106699539999936,0.0086219640000063,0.0107821928000754,
0.00601530600000933,0.0172839219999942,0.0092254600000033,-5.48999999946318e-05,0.00984391100010616,
0.0144625480000132,0.00679098799998883,0.0179626559999997,0.00586842800000704,0.0143581044000697,
0.0123756499999936,0.0182172560000008,0.0103100600000025,0.0127892780000075,0.0111308320000251,
0.00587405600000147,0.0249080499999973,0.0105805279999995,0.00719496600001457,0.0141939245999994,
0.00975352400000065,0.00943954599999688,0.0138127359999999,-0.0067490140000009,0.0154874258000535,
0.0236348480000097,0.0163871340000005,0.00138492000000315,0.00462755999999354,0.00828408920006332,
0.0156509479999941,0.0119771299999984,0.0149334639999852,0.0117604439999895,0.00924841639999649,
0.000910324000007677,0.00490315000001374,0.0188571599999959,0.0109872380000079,0.0131976948000061,
0.0151140660000065,0.00821398799999952,0.00758282999999847,0.00820433599999615,0.0110925754000404,
0.00902490999999282,0.00226431000001503,0.00683711599999333,0.0169400879999985,0.00863611720006011,
0.00815341399999306,0.0195402299999887,0.0161214940000018,0.00815341399999306,0.00759029119991974,
0.0167141219999976,0.000224386000011691,0.00686757799999396,0.0167141219999976,0.00981363040002761,
0.0157809179999986,0.016774664000015,0.00812888600000315,0.0222250199999953,0.00602063880001442,
0.012826390000002,0.0132244679999994,0.00548218799999995,0.0126611160000029,0.011659099200031,
0.0064035440000016,0.0140087140000023,0.0157664879999993,0.0110238580000005,0.0130702947999875,
0.00273340599999756,0.013246586000002,0.0119218280000014,0.0215923699999876,0.0150646249998332,
0.00129755600001135,0.00732076199999483,0.00369635800000378,0.00899354199999289,0.0103739108000009,
0.00434463599999526,0.00685373999998865,0.00953028800001448,0.0279332059999933,0.0104709286000318,
0.00243603199997415,0.0268887000000013,0.0146480040000097,0.0155433260000009,0.0102905597999481,
0.0108393079999987,0.00837118600000576,0.0227438520000023,0.0124094140000116,0.00894621159996168,
0.0239177219999883,0.0116055520000191,0.00758371199999783,0.0159355639999903,0.011153000800046,
0.0132000040000012,0.0234716560000124,0.0104901620000101,0.0136698900000074,0.00910702760007989,
0.0177968739999988,-0.00100480199999311,0.0164188419999946,0.0246713679999984,0.0136243522000346,
0.0309723799999992,0.0322277839999979,0.0107323180000085,0.00605513999999403,0.0111137099999469,
0.0132618160000175,0.00505035800000223,0.0178702300000086,0.0118224640000117,0.0104781689999887,
0.0162529620000114,0.0111561160000001,0.0157402859999911,0.0135643719999898,0.012541412599961,
0.0106505540000144,0.0120870659999991,0.00400718600002074,0.0170130180000042,0.0125539946000194,
0.0152552459999897,0.00607060000000092,0.0128205499999976,0.00984214999999222,0.00797151680005845,
0.0207928120000024,0.0228846560000047,0.00396052199999758,0.0225731740000037,0.0132086549999272,
0.0133547599999929,0.0159726800000071,0.00751059200000236,0.0161656380000049,0.0113592432000638,
0.00123250400000143,0.00339879799999653,0.00876430399998935,-0.00311435600000823,0.00854822599993349,
0.00033161399999608,0.00885069400001066,0.0104591599999885,0.0230174639999941,0.0126304117999498,
0.0133315719999973,0.011276710000001,0.00557952799998839,0.00995330400001421,0.00583049120007854,
0.016553347999984,0.0195187659999956,0.0183690160000024,0.00285118600000442,0.0118236585999235,
-0.0060069940000094,0.018505942000008,0.00463916199999039,0.00801238999999168,0.0115368522000019,
0.00197283200000948,0.0112691919999997,0.00909478399999262,0.0151944959999983,0.0150925897999565,
0.017928975999992,0.00408061799999268,0.0153541800000066,0.0113180719999973,0.00891726139996317,
0.0129920360000015,0.0123860499999928,-0.000614729999992051,0.0164977859999826,0.00955282060003665,
0.0172824819999933,0.00626016999999774,0.0168364780000002,0.0178121560000009,0.0131565369999669,
0.000762856000003012,-0.00034745999999268,0.01000584599999,0.0183509900000045,0.00826302399988926,
0.00882855599999402,0.0139868220000008,0.00571239199999309,0.00036230999998952,0.00935464080003585,
0.0156951640000025,0.00690807399999721,0.0179383639999951,0.0126809800000083,0.0111292881999529,
0.0115753100000038,0.00617826200000491,0.0065959980000016,0.0113264800000024,0.00798677920000482,
0.0127295820000027,0.0254521539999905,0.0254229840000007,0.012930176000008,0.0139411425999853,
0.0231371359999939,0.0206665740000026,0.0148432059999996,0.00749355800001194,0.0104698908000813,
0.00747775200000069,0.00281570399999327,0.00189805200001683,0.0126914639999959,0.0138123096000018,
0.00595128399999703,0.0164139719999966,0.00527366799998526,0.0161711040000155,0.0134009713999483,
0.0101822100000063,0.0143075439999975,-0.000236907999989853,0.00589880400000857,0.00929351000008392,
0.00535805600000185,0.00116981400000896,0.00467058600000473,0.00899441599999955,0.0074832687999653,
0.010763006000002,0.00528387999999359,0.0145132460000059,0.00701992399999108,0.0115755000000157,
-0.000207688000010421,0.0110439419999884,0.0117013820000102,0.00550483800000438,0.0128033131999196,
0.0114196020000009,0.0228142500000195,0.00928358600000411,0.0176129080000128,0.0103323430000266,
0.00919566800001485,0.00720060600000488,0.0143974119999975,0.0162826540000133,0.00994236959995615,
0.007304409999977,0.0140302639999809,0.0130504960000162,0.0146631480000096,0.0155300389999167,
0.00858256599999549,0.00875318599999809,0.00636112999999386,0.00807454999999481,0.00839706880008525,
0.0118811420000038,0.0162136760000021,-0.00257664400000249,0.0184637919999905,0.0103296176000847,
-0.000647888000008607,0.0169320939999825,0.0156439860000146,-0.00180281599999216,0.0121639921999886,
